Workbook

Sheet Легенда
A1: Блок модели «вещества → потребный воздухообмен». Версия 1 от 09.10.2026
A3: Как читать файл
A4: Синий шрифт на жёлтом фоне — исходные данные, их можно менять.
A5: Чёрный шрифт — формулы (видны в строке формул), пересчитываются автоматически.
A6: Зелёный фон — итоговый результат.
A7: Красный фон — расхождение с дипломом или значение, которое нужно проверить.
A9: Формулы модели
A10: (1) G_i = g_i · 1000 · B · n — выделение вещества i, мг/ч (g_i в г/кг, B — расход сварочного материала на пост, кг/ч, n — число постов).
A11: Источник: Методика расчёта выделений при сварочных работах на основе удельных показателей (прил. 2 к приказу Госкомэкологии РФ № 158 от 14.04.1997); ГОСТ Р 56164-2014.
A12: (2) G_пом,i = (1 − η) · G_i — часть, не уловленная местным отсосом, мг/ч. η — эффективность захвата: ДОПУЩЕНИЕ (в дипломе 0,75).
A13: (3) L_i = G_пом,i / (ПДК_i − q_пр,i) — общеобменный воздухообмен по веществу i, м³/ч. Формула расчёта воздухообмена по массе вредных веществ СП 60.13330 (как в дипломе, при L_wz = 0 и m_po = G_пом).
A14: q_пр — концентрация в приточном воздухе. Для наружного воздуха — фон, сверху ограничен ПДК атм. воздуха (как в дипломе). Ограничение: q_пр ≤ 0,3·ПДК р.з. (СП 60.13330.2020, п. 5.11).
... A23: — Однонаправленность действия оксида железа и HF (принята в дипломе) требует обоснования.

Sheet Справочник
A1: Вещество | B1: ПДК р.з. ср.см, мг/м³ | C1: ПДК атм. ср.сут, мг/м³ (фон q_пр) | D1: Статус | E1: Источник
A2: Железа оксид | B2: 6 | C2: 0.04 | D2: Подтверждено вторым источником | E2: Диплом, табл. 2.2; Быстряков, Невар // Веснік ВДУ, 2020, № 1(106) — 6,0 мг/м³
A3: Марганец в сварочных аэрозолях (Mn ≤ 20 %) | B3: 0.2 | C3: 0.001 | D3: Подтверждено первоисточником | E3: СанПиН 1.2.3685-21, табл. 2.1, стр. 1221–1223: до 20 % — 0,6/0,2; 20–30 % — 0,3/0,1 мг/м³, класс 2. При Mn > 30 % категории нет (ближайшее: оксиды Mn, аэрозоль конденсации — 0,05)
A4: Фтористый водород | B4: 0.1 | C4: 0.01 | D4: Проверить | E4: Диплом, табл. 2.2; сверить с СанПиН 1.2.3685-21
A5: Углерода оксид | B5: 20 | D5: Подтверждено вторым источником | E5: Быстряков, Невар, 2020 — 20 мг/м³
A6: Азота диоксид | B6: 2 | D6: Подтверждено первоисточником | E6: СанПиН 1.2.3685-21, табл. 2.1, стр. 4: 2 мг/м³ (макс.), класс 3, «О»
A9: Удельные выделения, г/кг расходуемого сварочного материала
A10: Материал / процесс | B10: Сварочный аэрозоль | C10: Железа оксид | D10: Марганец | E10: Пыль SiO₂ 20–70 % | F10: Фтористый водород | G10: Статус / источник
A11: Св-08Г2С, сварка в CO₂ | B11: 10 | C11: 7.67 | D11: 1.9 | E11: 0.43 | G11: Методика 1997 г. (по диплому, табл. 1.6); 7,67 / 1,9 / 0,43 подтверждены методикой РК (ecoportal.kz)
A12: ФЦ-12, сварка под флюсом | B12: 0.09 | C12: 0.06 | D12: 0.03 | F12: 0.02 | G12: ПРОВЕРИТЬ: диплом, табл. 1.6; сверить с Методикой 1997 г.

Sheet Диплом_под_флюсом
A1: Контрольный пример 1: диплом, 4 поста, автоматическая сварка под флюсом ФЦ-12
A2: Группы как в дипломе: оксид железа и HF — группа 1 (суммируются), Mn — группа 2. Чтобы считать «каждое отдельно», поставь HF группу 3.
A4: Расход сварочного материала на пост B, кг/ч | B4: 6.808
A5: Число постов n | B5: 4
A6: Эффективность захвата местным отсосом η (допущение) | B6: 0.75
A7: Местный отсос на пост L_мо, м³/ч (ГОСТ 12.3.003-86, п. 2.11.1: ≥ 1500) | B7: 1500
A9: Вещество | B9: g, г/кг | C9: G = g·1000·B·n, мг/ч | D9: G_пом = (1−η)·G, мг/ч | E9: ПДК р.з., мг/м³ | F9: q_пр, мг/м³ | G9: L = G_пом/(ПДК−q_пр), м³/ч | H9: Группа однонаправл. действия | I9: Диплом, м³/ч | J9: Расхождение
A10: Железа оксид | B10: =Справочник!C12 -> 0.06 | C10: =B10*1000*$B$4*$B$5 -> 1633.92 | D10: =(1-$B$6)*C10 -> 408.48 | E10: =Справочник!B2 -> 6 | F10: =Справочник!C2 -> 0.04 | G10: =IF(E10>F10,D10/(E10-F10),"ПДК ≤ фона") -> 68.536913 | H10: 1 | I10: 68 | J10: =IF(ABS(G10-I10)>2,G10-I10,"совпадает") -> совпадает | L10: Проверка исходной строки диплома без захвата: 817 / (0,2 − 0,001) =
A11: Марганец | B11: =Справочник!D12 -> 0.03 | C11: =B11*1000*$B$4*$B$5 -> 816.96 | D11: =(1-$B$6)*C11 -> 204.24 | E11: =Справочник!B3 -> 0.2 | F11: =Справочник!C3 -> 0.001 | G11: =IF(E11>F11,D11/(E11-F11),"ПДК ≤ фона") -> 1026.3317 | H11: 2 | I11: 1075 | J11: =IF(ABS(G11-I11)>2,G11-I11,"совпадает") -> -48.668342 | L11: =817/(0.2-0.001) -> 4105.5276
A12: Фтористый водород | B12: =Справочник!F12 -> 0.02 | C12: =B12*1000*$B$4*$B$5 -> 544.64 | D12: =(1-$B$6)*C12 -> 136.16 | E12: =Справочник!B4 -> 0.1 | F12: =Справочник!C4 -> 0.01 | G12: =IF(E12>F12,D12/(E12-F12),"ПДК ≤ фона") -> 1512.8889 | H12: 1 | I12: 1514 | J12: =IF(ABS(G12-I12)>2,G12-I12,"совпадает") -> совпадает | L12: В дипломе указано 4300 м³/ч — арифметическая ошибка
A14: Сумма L по группам
A15: Группа 1 | G15: =SUMIF($H$10:$H$12,1,$G$10:$G$12) -> 1581.4258
A16: Группа 2 | G16: =SUMIF($H$10:$H$12,2,$G$10:$G$12) -> 1026.3317
A17: Группа 3 | G17: =SUMIF($H$10:$H$12,3,$G$10:$G$12) -> 0
A19: Общеобменный воздухообмен L_оо = max по группам, м³/ч (СП 60.13330.2020, п. 7.4.3) | G19: =MAX(G15:G17) -> 1581.4258
A20: Для сравнения: если все вещества разного действия (максимум), м³/ч | G20: =MAX(G10:G12) -> 1512.8889
A21: Местные отсосы, всего ΣL_мо = L_мо·n, м³/ч | G21: =B7*B5 -> 6000
A22: Итого удаляемый (= приточный) воздух L_мо + L_оо, м³/ч | G22: =G19+G21 -> 7581.4258

Sheet MAG_в_CO2
A1: Пример 2: полуавтоматическая сварка в CO₂ проволокой Св-08Г2С, 1 пост
A2: B = 3 кг/ч — условное значение для примера (не из источника). Пыль SiO₂ не включена: ПДК не проверена.
A4: Расход сварочного материала на пост B, кг/ч | B4: 3
A5: Число постов n | B5: 1
A6: Эффективность захвата местным отсосом η (допущение) | B6: 0.75
A7: Местный отсос на пост L_мо, м³/ч (ГОСТ 12.3.003-86, п. 2.11.1: ≥ 1500) | B7: 1500
A9: Вещество | B9: g, г/кг | C9: G = g·1000·B·n, мг/ч | D9: G_пом = (1−η)·G, мг/ч | E9: ПДК р.з., мг/м³ | F9: q_пр, мг/м³ | G9: L = G_пом/(ПДК−q_пр), м³/ч | H9: Группа однонаправл. действия
A10: Железа оксид | B10: =Справочник!C11 -> 7.67 | C10: =B10*1000*$B$4*$B$5 -> 23010 | D10: =(1-$B$6)*C10 -> 5752.5 | E10: =Справочник!B2 -> 6 | F10: =Справочник!C2 -> 0.04 | G10: =IF(E10>F10,D10/(E10-F10),"ПДК ≤ фона") -> 965.18456 | H10: 1
A11: Марганец | B11: =Справочник!D11 -> 1.9 | C11: =B11*1000*$B$4*$B$5 -> 5700 | D11: =(1-$B$6)*C11 -> 1425 | E11: =Справочник!B3 -> 0.2 | F11: =Справочник!C3 -> 0.001 | G11: =IF(E11>F11,D11/(E11-F11),"ПДК ≤ фона") -> 7160.804 | H11: 2
A13: Сумма L по группам
A14: Группа 1 | G14: =SUMIF($H$10:$H$11,1,$G$10:$G$11) -> 965.18456
A15: Группа 2 | G15: =SUMIF($H$10:$H$11,2,$G$10:$G$11) -> 7160.804
A16: Группа 3 | G16: =SUMIF($H$10:$H$11,3,$G$10:$G$11) -> 0
A18: Общеобменный воздухообмен L_оо = max по группам, м³/ч (СП 60.13330.2020, п. 7.4.3) | G18: =MAX(G14:G16) -> 7160.804
A19: Для сравнения: если все вещества разного действия (максимум), м³/ч | G19: =MAX(G10:G11) -> 7160.804
A20: Местные отсосы, всего ΣL_мо = L_мо·n, м³/ч | G20: =B7*B5 -> 1500
A21: Итого удаляемый (= приточный) воздух L_мо + L_оо, м³/ч | G21: =G18+G20 -> 8660.804
A24: Чувствительность к эффективности захвата η
A25: η | B25: L по Mn, м³/ч | C25: L по Fe, м³/ч | D25: L_оо, м³/ч | E25: Итого с местным, м³/ч
A26: 0.6 | B26: =(1-A26)*C11/(E11-F11) -> 11457.286 | C26: =(1-A26)*C10/(E10-F10) -> 1544.2953 | D26: =MAX(B26:C26) -> 11457.286 | E26: =D26+$B$7*$B$5 -> 12957.286
A27: 0.75 | B27: =(1-A27)*C11/(E11-F11) -> 7160.804 | C27: =(1-A27)*C10/(E10-F10) -> 965.18456 | D27: =MAX(B27:C27) -> 7160.804 | E27: =D27+$B$7*$B$5 -> 8660.804
A28: 0.9 | B28: =(1-A28)*C11/(E11-F11) -> 2864.3216 | C28: =(1-A28)*C10/(E10-F10) -> 386.07383 | D28: =MAX(B28:C28) -> 2864.3216 | E28: =D28+$B$7*$B$5 -> 4364.3216
