Workbook

Sheet Как читать
B1: Книга «Модель расчёт v2» — стационарная часть математической модели местной вытяжной вентиляции сварочного участка
B2: Версия 12.10.2026. Каждая цифра здесь считается формулой Excel — можно поменять синюю ячейку и увидеть, как меняется всё остальное.
B4: ЦВЕТА
B5: Синий шрифт на жёлтом — исходные данные (их можно менять). У каждого — источник в последней колонке.
B6: Чёрный шрифт — формула. Зелёный — формула-ссылка на ячейку другого листа.
B7: Оранжевая заливка — число, которое посчитало расчётное ядро (программа на TypeScript, папка vent-sim). Нужно только для сверки на листе «8 Сверка».
B9: СТАТУСЫ ИСТОЧНИКОВ
B10: [Н] — норматив РФ (ГОСТ, СП, СанПиН, методика из перечня Минприроды). [С] — российский справочник или учебник.
B11: [Д] — допущение демонстрационного примера (заменяется паспортом оборудования реального объекта). [А] — параметр, выбранный автором (проверена чувствительность).
B12: [П] — источник найден, но страницу/таблицу надо сверить по бумажной книге. [М] — инженерная модель (приём расчёта, не норматив).
B14: ПОРЯДОК ЛИСТОВ = ПОРЯДОК РАСЧЁТА
B15: 1 Исходные — все входные величины в одном месте.
... B37: 3. Энергия вентилятора общеобменной: при регулировании по выделениям расход бывает больше расчётного; вентилятор теперь подбирается на максимальный расход (иначе мощность считалась при нереальном давлении).

Sheet Источники
A1: Источники: нормативы и справочники, на которых стоит каждая формула и каждое число
A2: Актуальность нормативов проверена 11.10.2026. Ссылка ведёт на текст документа или на его карточку в официальном каталоге. [Н] — норматив РФ, [С] — справочник/учебник.
A4: № | B4: Документ | C4: Что из него взято | D4: Где в книге | E4: Статус на 10.2026 | F4: Ссылка
A5: 1 | B5: СП 60.13330.2020 «Отопление, вентиляция и кондиционирование воздуха» (с изм. № 1–6) [Н] | C5: Прил. Г, ф. (Г.2) — воздухообмен по вредным веществам с учётом местных отсосов; п. 7.4.1 — запрет расчёта по кратности для рабочей зоны; п. 7.4.3 — суммирование однонаправленных веществ; п. 5.11 — приток ≤ 30 % ПДК | D5: лист 3 | E5: действует; использованные пункты изменениями 1–6 не затронуты | F5: https://base.garant.ru/400536193/
A6: 2 | B6: СанПиН 1.2.3685-21 «Гигиенические нормативы и требования к обеспечению безопасности и (или) безвредности для человека факторов среды обитания» [Н] | C6: Табл. 2.1 — ПДК в воздухе рабочей зоны: Mn в сварочном аэрозоле 0,6/0,2; Fe₂O₃ 6; SiO₂ 3/1; табл. 1.1 — ПДК атмосферного воздуха (фон притока) | D6: листы 1, 3 | E6: действует (ред. от 24.12.2025), срок — до 01.03.2027 | F6: https://www.consultant.ru/document/cons_doc_LAW_375839/
A7: 3 | B7: ГОСТ 12.3.003-86 «ССБТ. Работы электросварочные. Требования безопасности» [Н] | C7: П. 2.11.1 — местный отсос сварочного стола не менее 1500 м³/ч | D7: листы 1, 10 | E7: действует | F7: https://meganorm.ru/Index1/7/7136.htm
A8: 4 | B8: ГОСТ 12.1.005-88 «ССБТ. Общие санитарно-гигиенические требования к воздуху рабочей зоны» [Н] | C8: Табл. 1 — микроклимат: категория IIб, холодный период — 17–19 °C; п. 3.4 — Σ C/ПДК ≤ 1 | D8: лист 1 | E8: действует | F8: https://legalacts.ru/doc/gost-121005-88-mezhgosudarstvennyi-standart-sistema-standartov-bezopasnosti/
A9: 5 | B9: ГОСТ Р 56164-2014 «Выбросы загрязняющих веществ в атмосферу. Метод расчёта выбросов при сварочных работах на основе удельных показателей» [Н] | C9: Табл. 1 — удельные выделения на 1 кг проволоки Св-08Г2С (10,0 / 7,67 / 1,90 / 0,43 г/кг) | D9: листы 1, 2 | E9: действует с 01.07.2015 | F9: https://cn.gostinfo.ru/catalog/Details/?id=5484995
A10: 6 | B10: Методика расчёта выделений (выбросов) загрязняющих веществ в атмосферу при сварочных работах (на основе удельных показателей). — СПб.: НИИ Атмосфера, 1997 (изд. 2021) [Н] | C10: Табл. 1 — те же удельные выделения; разд. 2.1, прим. 1 — η = 0,8 при отсутствии данных | D10: листы 1, 2 | E10: в перечне методик Минприроды (распоряжение № 35-р от 14.12.2020) | F10: PDF издания 2021 г. — у автора
A11: 7 | B11: СП 131.13330.2025 «Строительная климатология» [Н] | C11: Табл. 5.1 — Москва: средняя температура отопительного периода −1,7 °C, продолжительность 202 сут | D11: листы 1, 7 | E11: действует | F11: текст сверен 11.10.2026 (PDF — у автора)
A12: 8 | B12: ГОСТ 10921-2017 «Вентиляторы радиальные и осевые. Методы аэродинамических испытаний» [Н] | C12: Разд. 14 — пересчёт характеристики на другую частоту (Q ~ n, p ~ n²); стандартные условия ρ = 1,2 кг/м³ | D12: листы 1, 6 | E12: действует | F12: https://meganorm.ru/Index/69/69841.htm
A13: 9 | B13: ГОСТ IEC 60034-30-1-2016 «Машины электрические вращающиеся. Классы КПД» [Н] | C13: Табл. 1 — КПД двигателя IE3 2,2 кВт, 4 полюса: 86,7 % | D13: лист 6 | E13: действует | F13: https://cn.gostinfo.ru/catalog/Details/?id=6316233
A14: 10 | B14: ГОСТ 7192-89 «Механизмы исполнительные электрические постоянной скорости ГСП» [Н] | C14: Ряд времени полного хода (… 8; 10; 15; 25; 30; 63 … с) | D14: лист 10 | E14: действует | F14: https://dnaop.com/html/69390/doc-%D0%93%D0%9E%D0%A1%D0%A2_7192-89
A15: 11 | B15: Идельчик И.Е. Справочник по гидравлическим сопротивлениям / под ред. М.О. Штейнберга. — 3-е изд. — М.: Машиностроение, 1992. — 672 с. [С] | C15: Диагр. 3-6 (с. 127) — вход в зонт; 5-2 (с. 211) и ф. (5-6), (5-7) — диффузор; 6-1 (с. 277–278) — отводы; 7-4 (с. 346) и табл. 7-1 (с. 335) — тройники; 9-17 (с. 452–453) — заслонка | D15: листы 4, 5 | E15: справочник; страницы сверены по книге | F15: книга (PDF — у автора)
A16: 12 | B16: Альтшуль А.Д. Гидравлические сопротивления. — М.: Недра, 1982 [С] | C16: Формула трения λ = 0,11·(kэ/d + 68/Re)^0,25 | D16: лист 5 | E16: справочник | F16: книга
... A21: 17 | B21: Копылов И.П. Электрические машины: учебник [С] | C21: Разделение потерь двигателя на постоянные и переменные — КПД при неполной загрузке | D21: лист 6 | E21: учебник [П: страница] | F21: книга
B23: Зарубежные источники в расчёте не используются, кроме типовой таблицы КПД частотника (US DOE) — до паспорта ПЧ (лист 6).

Sheet 1 Исходные
A1: Исходные данные
A2: Все величины, от которых зависит расчёт. Меняйте только синие ячейки. Источник каждой — в колонке H.
A4: № | B4: Величина | C4: Обозн. | D4: Значение | E4: Ед. | F4: Формула (как в книге) | G4: Простыми словами — что это и зачем | H4: Источник / статус
A5: Воздух
A6: 1 | B6: Плотность воздуха | C6: ρ | D6: 1.2 | E6: кг/м³ | F6: — | G6: Сколько весит кубометр воздуха. 1,2 — стандартные условия, при которых испытывают вентиляторы. | H6: ГОСТ 10921-2017, разд. 14 [Н]
A7: 2 | B7: Кинематическая вязкость воздуха (20 °C) | C7: ν | D7: 1.506e-05 | E7: м²/с | F7: — | G7: Насколько воздух «вязкий». Нужна для числа Рейнольдса (режим течения). | H7: Варгафтик Н.Б., 1972 [С][П]
A8: 3 | B8: Теплоёмкость воздуха | C8: c | D8: 1.005 | E8: кДж/(кг·°C) | F8: — | G8: Сколько тепла надо, чтобы нагреть 1 кг воздуха на 1 °C. | H8: Варгафтик Н.Б., 1972 [С][П]
A9: Воздуховоды
A10: 4 | B10: Эквивалентная шероховатость стали | C10: kэ | D10: 0.0001 | E10: м | F10: — | G10: Насколько шершавая стенка воздуховода — влияет на трение. | H10: Справочник проектировщика, ч. 3, кн. 2, 1992; Альтшуль, 1982 [С][П]
A11: 5 | B11: Минимальная транспортная скорость | C11: w_мин | D11: 8 | E11: м/с | F11: — | G11: Ниже этой скорости сварочная пыль начинает оседать в воздуховоде. | H11: Боломатов В.Н., АВОК, 2021, № 3, табл. 4 (8–14 м/с) [С]
A12: Сварка
A13: 6 | B13: Число постов | C13: n | D13: 3 | E13: шт | F13: — | G13: Сколько сварщиков работает одновременно (расчётный случай — все сразу). | H13: Демо-пример (диплом) [Д]
A14: 7 | B14: Сварочный ток | C14: I | D14: 225 | E14: А | F14: — | G14: Ток полуавтомата. Чем больше ток, тем больше плавится проволоки и больше дыма. | H14: Режим для Ø1,2 мм [Д]
A15: 8 | B15: Диаметр проволоки | C15: d | D15: 1.2 | E15: мм | F15: — | H15: Св-08Г2С Ø1,2 [Д]
A16: 9 | B16: Вылет электрода | C16: l | D16: 15 | E16: мм | F16: — | G16: Длина проволоки от токоподвода до дуги (10–20 мм). | H16: Соколов и др., ВолгГТУ, 2016 [С]
A17: 10 | B17: Расход местного отсоса на пост | C17: Q_тр | D17: 1500 | E17: м³/ч | F17: — | G17: Минимум по ГОСТ для сварочного стола. | H17: ГОСТ 12.3.003-86, п. 2.11.1 [Н]
A18: 11 | B18: Эффективность местного отсоса | C18: η | D18: 0.8 | E18: — | F18: — | G18: Какую долю дыма ловит отсос. Остальное (20 %) уходит в цех. | H18: Методика 1997 (приказ Госкомэкологии № 158), разд. 2.1, прим. 1 [Н]
A19: Удельные выделения, г на 1 кг проволоки Св-08Г2С (сварка в CO₂)
A20: 12 | B20: Сварочный аэрозоль (всего) | C20: g_аэр | D20: 10 | E20: г/кг | F20: — | G20: Сколько всего дыма (твёрдых частиц) на килограмм проволоки. | H20: Методика 1997, табл. 1 [Н]
A21: 13 | B21: в т.ч. железа оксид | C21: g_Fe | D21: 7.67 | E21: г/кг | F21: — | H21: там же [Н]
A22: 14 | B22: в т.ч. марганец и его соединения | C22: g_Mn | D22: 1.9 | E22: г/кг | F22: — | G22: Самое вредное в сварочном дыме — по нему считается вентиляция. | H22: Методика 1997 (изд. 2021), табл. 1, столбец 5 «марганец и его соединения» — по Mn, без пересчёта на MnO₂ [Н] (сверено)
A23: 15 | B23: в т.ч. пыль с SiO₂ | C23: g_SiO₂ | D23: 0.43 | E23: г/кг | F23: — | H23: там же [Н]
A24: ПДК (рабочая зона) и фон в приточном воздухе
A25: 16 | B25: ПДК марганца (сварочный аэрозоль, Mn ≤ 20 %), среднесменная | C25: ПДК_Mn | D25: 0.2 | E25: мг/м³ | F25: — | G25: Предельная концентрация в воздухе рабочей зоны. Берём среднесменную (строже максимально разовой 0,6) — в запас. | H25: СанПиН 1.2.3685-21, табл. 2.1 [Н] (сверено)
A26: 17 | B26: Марганец в приточном (наружном) воздухе | C26: q_пр,Mn | D26: 0.001 | E26: мг/м³ | F26: — | G26: Сколько марганца уже есть в наружном воздухе. Берём ПДК атмосферы — верхняя оценка. | H26: СанПиН 1.2.3685-21, табл. 1.1, поз. 302 [Н]; СП 60, п. 5.11
A27: 18 | B27: ПДК железа оксида | C27: ПДК_Fe | D27: 6 | E27: мг/м³ | F27: — | H27: СанПиН 1.2.3685-21, табл. 2.1, стр. 1031 «диЖелезо триоксид», Ф, 4 кл. [Н] (сверено)
A28: 19 | B28: Железа оксид в приточном воздухе | C28: q_пр,Fe | D28: 0.04 | E28: мг/м³ | F28: — | H28: СанПиН, табл. 1.1 (ПДК с.с. атм.) [П]
A29: 20 | B29: ПДК кремния диоксида аморфного (аэрозоль конденсации), с.с. | C29: ПДК_SiO₂ | D29: 1 | E29: мг/м³ | F29: — | H29: СанПиН 1.2.3685-21, табл. 2.1, стр. 1150 (3/1 мг/м³) [Н] (сверено)
A30: Климат (холодный период) и помещение
A31: 21 | B31: Температура в цехе | C31: t_в | D31: 18 | E31: °C | F31: — | G31: Середина оптимума 17–19 °C для работ категории IIб. | H31: ГОСТ 12.1.005-88, табл. 1: категория IIб, холодный период — оптимум 17–19 °C [Н] (сверено)
A32: 22 | B32: Средняя температура отопительного периода (Москва) | C32: t_оп | D32: -1.7 | E32: °C | F32: — | G32: Средняя температура наружного воздуха за отопительный период. | H32: СП 131.13330.2025, табл. 5.1 [Н]
A33: 23 | B33: Продолжительность отопительного периода | C33: z_оп | D33: 202 | E33: сут | F33: — | H33: СП 131.13330.2025, табл. 5.1 [Н]
A34: 24 | B34: Длительность смены | C34: t_см | D34: 8 | E34: ч | F34: — | H34: [Д]
A35: 25 | B35: Объём цеха | C35: V | D35: 16588.8 | E35: м³ | F35: 48 × 24 × 14,4 м | G35: Нужен для динамики (как быстро растёт концентрация), на стационарный расчёт не влияет. | H35: Диплом [Д]

Sheet 2 Выделения
A1: Выделение вредных веществ при сварке
A2: Шаг 1: по току считаем, сколько проволоки плавится в час. Шаг 2: умножаем на удельные выделения из Методики. Шаг 3: делим — η ловит отсос, (1 − η) уходит в цех.
A4: № | B4: Величина | C4: Обозн. | D4: Значение | E4: Ед. | F4: Формула (как в книге) | G4: Простыми словами — что это и зачем | H4: Источник / статус
A5: Расход проволоки
A6: 1 | B6: Коэффициент расплавления | C6: α_р | D6: =9.05+0.00031*'1 Исходные'!$D$14*'1 Исходные'!$D$16/'1 Исходные'!$D$15^2 -> 9.7765625 | E6: г/(А·ч) | F6: α_р = 9,05 + 3,1·10⁻⁴·I·l/d² | G6: Сколько граммов проволоки плавит каждый ампер за час. Растёт с током и вылетом (проволока подогревается током). | H6: Соколов Г.Н. и др. Технология и материалы для сварки и наплавки. ВолгГТУ, 2016, ф. (3.22) [С][П]
A7: 2 | B7: Расход проволоки | C7: B | D7: ='2 Выделения'!$D$6*'1 Исходные'!$D$14/1000 -> 2.1997266 | E7: кг/ч | F7: B = α_р·I / 1000 | G7: Килограммы проволоки в час на одном посту. | H7: там же
A8: Выделение на одном посту (дуга горит)
A9: 3 | B9: Аэрозоль | C9: G_аэр | D9: ='1 Исходные'!$D$20*'2 Выделения'!$D$7 -> 21.997266 | E9: г/ч | F9: G = g·B | G9: Граммов дыма в час. | H9: Методика 1997, разд. 2.1, ф. (2.1) [Н]
A10: 4 | B10: Марганец | C10: G_Mn | D10: ='1 Исходные'!$D$22*'2 Выделения'!$D$7 -> 4.1794805 | E10: г/ч | F10: G = g·B | H10: там же
A11: 5 | B11: Железа оксид | C11: G_Fe | D11: ='1 Исходные'!$D$21*'2 Выделения'!$D$7 -> 16.871903 | E11: г/ч | F11: G = g·B | H11: там же
A12: 6 | B12: Пыль с SiO₂ | C12: G_SiO₂ | D12: ='1 Исходные'!$D$23*'2 Выделения'!$D$7 -> 0.94588242 | E12: г/ч | F12: G = g·B | H12: там же
A13: 7 | B13: Проверка: сумма компонентов = аэрозоль | D13: ='1 Исходные'!$D$21+'1 Исходные'!$D$22+'1 Исходные'!$D$23-'1 Исходные'!$D$20 -> 0 | E13: г/кг | F13: Σg_i − g_аэр | G13: Должно быть 0: в Методике аэрозоль = сумма твёрдых компонентов. Это проверка, что числа переписаны без ошибки. | H13: проверка
A14: Куда уходит марганец (все посты)
A15: 8 | B15: Выделяется на всех постах | C15: ΣG_Mn | D15: ='2 Выделения'!$D$10*'1 Исходные'!$D$13*1000 -> 12538.441 | E15: мг/ч | F15: n·G_Mn
A16: 9 | B16: Ловят местные отсосы | C16: η·ΣG | D16: ='1 Исходные'!$D$18*'2 Выделения'!$D$15 -> 10030.753 | E16: мг/ч | F16: η·ΣG | G16: Уходит через отсос → фильтр → выброс. | H16: Методика 1997, разд. 2.1 [Н]
A17: 10 | B17: Поступает в воздух цеха | C17: m_по | D17: =(1-'1 Исходные'!$D$18)*'2 Выделения'!$D$15 -> 2507.6883 | E17: мг/ч | F17: (1 − η)·ΣG | G17: Вот это и должна разбавить вентиляция — это m_по в формуле СП 60. | H17: СП 60.13330.2020 (обозначение m_po) [Н]
A18: 11 | B18: Железа оксид в воздух цеха | C18: m_Fe | D18: =(1-'1 Исходные'!$D$18)*'2 Выделения'!$D$11*'1 Исходные'!$D$13*1000 -> 10123.142 | E18: мг/ч | F18: (1 − η)·n·G_Fe
A19: 12 | B19: SiO₂ в воздух цеха | C19: m_SiO₂ | D19: =(1-'1 Исходные'!$D$18)*'2 Выделения'!$D$12*'1 Исходные'!$D$13*1000 -> 567.52945 | E19: мг/ч | F19: (1 − η)·n·G_SiO₂
B20: Оседание аэрозоля (коэффициент 0,4 по Методике, разд. 2.3) в базовом расчёте НЕ учитывается — это запас. Вариант с оседанием посчитан в ядре (лист 9).

Sheet 3 СП 60
A1: Воздухообмен по СП 60.13330.2020 (ассимиляция вредных веществ)
A2: Формула СП 60 (та же — СНиП 2.04.05-91*, прил. 17): L = L_wz + (m_по − L_wz·(q_wz − q_пр)) / (q_l − q_пр). L — сколько всего воздуха надо удалить из цеха (= подать притоком). Сюда входят и местные отсосы L_wz, поэтому общеобменная = L − L_wz.
A4: № | B4: Величина | C4: Обозн. | D4: Значение | E4: Ед. | F4: Формула (как в книге) | G4: Простыми словами — что это и зачем | H4: Источник / статус
A5: Марганец (лимитирующее вещество)
A6: 1 | B6: Воздух, удаляемый местными отсосами | C6: L_wz | D6: ='1 Исходные'!$D$17*'1 Исходные'!$D$13 -> 4500 | E6: м³/ч | F6: L_wz = n·Q_тр | G6: Отсосы уносят воздух из цеха вместе с остатком дыма — этот воздух тоже участвует в разбавлении. | H6: СП 60.13330.2020 [Н]
A7: 2 | B7: Допустимая концентрация в рабочей зоне | C7: q_wz | D7: ='1 Исходные'!$D$25 -> 0.2 | E7: мг/м³ | F7: q_wz = ПДК | H7: СП 60, ГОСТ 12.1.005-88 [Н]
A8: 3 | B8: Концентрация в приточном воздухе | C8: q_пр | D8: ='1 Исходные'!$D$26 -> 0.001 | E8: мг/м³
A9: 4 | B9: Концентрация в воздухе, удаляемом из верхней зоны | C9: q_l | D9: ='3 СП 60'!$D$7 -> 0.2 | E9: мг/м³ | F9: q_l = q_wz (допущение) | G9: Принято, что воздух перемешан полностью. На деле сварочный дым поднимается и наверху концентрация больше — значит реальный расход меньше, допущение идёт в запас. | H9: [Д] — в запас
A10: 5 | B10: Весь воздухообмен (приток = вся вытяжка) | C10: L | D10: ='3 СП 60'!$D$6+('2 Выделения'!$D$17-'3 СП 60'!$D$6*('3 СП 60'!$D$7-'3 СП 60'!$D$8))/('3 СП 60'!$D$9-'3 СП 60'!$D$8) -> 12601.449 | E10: м³/ч | F10: L = L_wz + (m_по − L_wz·(q_wz − q_пр))/(q_l − q_пр) | G10: Сколько воздуха надо удалить всего, чтобы марганца было не больше ПДК. | H10: СП 60.13330.2020 [Н]
A11: 6 | B11: Общеобменная вытяжка (сверх местных отсосов) | C11: L_оо | D11: =MAX(0,'3 СП 60'!$D$10-'3 СП 60'!$D$6) -> 8101.4486 | E11: м³/ч | F11: L_оо = L − L_wz | G11: Столько должен удалять вентилятор общеобменной вентиляции.
A12: 7 | B12: Проверка: при q_l = q_wz формула упрощается | C12: L | D12: ='2 Выделения'!$D$17/('3 СП 60'!$D$7-'3 СП 60'!$D$8) -> 12601.449 | E12: м³/ч | F12: L = m_по/(q_wz − q_пр) | G12: Должно совпасть с L выше — значит формула введена верно. | H12: алгебра
A13: 8 | B13: Проверка: концентрация при найденном L | C13: C | D13: ='3 СП 60'!$D$8+'2 Выделения'!$D$17/'3 СП 60'!$D$10 -> 0.2 | E13: мг/м³ | F13: C = q_пр + m_по/L | G13: Должно получиться ровно ПДК (0,2). | H13: баланс массы
A14: 9 | B14: Как было в модели до 11.10.2026 (ОШИБКА для центральной вытяжки) | C14: L_оо,стар | D14: ='2 Выделения'!$D$17/('3 СП 60'!$D$7-'3 СП 60'!$D$8) -> 12601.449 | E14: м³/ч | F14: L_оо = m_по/(ПДК − q_пр) | G14: Весь потребный воздух отдавали общеобменной и ещё добавляли местные отсосы сверху — воздух отсосов считался дважды. Для схемы с возвратом воздуха (диплом) эта формула верна — см. ниже. | H14: ошибка — в запас
A15: 10 | B15: Перерасход из-за ошибки | C15: ΔL | D15: ='3 СП 60'!$D$14-'3 СП 60'!$D$11 -> 4500 | E15: м³/ч | F15: L_оо,стар − L_оо | G15: Ровно расход местных отсосов.
A16: Другие вещества — проверка, что лимитирует марганец
A17: 11 | B17: Весь воздухообмен по железа оксиду | C17: L_Fe | D17: ='2 Выделения'!$D$18/('1 Исходные'!$D$27-'1 Исходные'!$D$28) -> 1698.5137 | E17: м³/ч | F17: L = m/(ПДК − q_пр) | G17: Меньше, чем по марганцу — значит определяет марганец. | H17: СП 60 [Н]
A18: 12 | B18: Весь воздухообмен по SiO₂ | C18: L_SiO₂ | D18: ='2 Выделения'!$D$19/'1 Исходные'!$D$29 -> 567.52945 | E18: м³/ч | F18: L = m/ПДК | H18: СП 60 [Н]
A19: 13 | B19: Расчётный (наибольший) | C19: L_расч | D19: =MAX('3 СП 60'!$D$10,'3 СП 60'!$D$17,'3 СП 60'!$D$18) -> 12601.449 | E19: м³/ч | F19: max по веществам | G19: Если вещества однонаправленного действия — по СП 60 расходы СКЛАДЫВАЮТСЯ (Σ m_i/(ПДК_i − q_пр,i)). Mn, Fe₂O₃ и SiO₂ к одной группе не относятся. | H19: СП 60.13330.2020 [Н]
A20: Схема диплома: переносной электрофильтр с возвратом очищенного воздуха в цех (L_wz = 0)
A21: 14 | B21: Степень очистки аэрозоля фильтром агрегата | C21: η_ф | D21: 1 | E21: — | G21: 1 — идеальный фильтр. Реальное значение — из паспорта агрегата. Газы (HF, CO, NO₂) электрофильтр не задерживает: для них η_ф = 0. | H21: паспорт [Д]
A22: 15 | B22: Mn в воздух цеха: мимо отсоса + проскок фильтра | C22: m_по | D22: =(1-'1 Исходные'!$D$18+'1 Исходные'!$D$18*(1-'3 СП 60'!$D$21))*'2 Выделения'!$D$15 -> 2507.6883 | E22: мг/ч | F22: m = [(1 − η) + η(1 − η_ф)]·ΣG | G22: Фильтр возвращает воздух в цех вместе с тем, что не поймал. | H22: баланс массы
A23: 16 | B23: Весь воздухообмен = общеобменная (отсосы воздух не удаляют) | C23: L = L_оо | D23: ='3 СП 60'!$D$22/('3 СП 60'!$D$7-'3 СП 60'!$D$8) -> 12601.449 | E23: м³/ч | F23: L = m/(q_wz − q_пр), L_wz = 0 | G23: При η_ф = 1 — ровно столько же воздуха, сколько при центральной вытяжке (L выше). Значит, и тепло то же. Разница — только кто удаляет воздух. | H23: СП 60 [Н]
A24: 17 | B24: Во сколько раз больше, чем при выбросе наружу | D24: ='3 СП 60'!$D$23/'3 СП 60'!$D$10 -> 1 | E24: — | G24: При η_ф = 0,95 → 1,2 раза.
B25: Норматив: СНиП 41-01-2003, п. 7.4.4 — рециркуляция не допускается из систем местных отсосов вредных веществ; исключение — местные отсосы пылевоздушных смесей после очистки от пыли. Для сварочного аэрозоля с Mn (2-й класс) и газами — сверить по действующему СП 60.13330.2020, разд. 7.4 [П].
A26: Что ещё требует СП 60 и как это учтено
B27: 1) Расходы определяются отдельно для тёплого и холодного периодов — в модели считается холодный (по нему максимальные затраты тепла). 2) Теплопоступления от дуги на расход по вредным веществам не влияют (одинаковы во всех режимах) — не моделируются. 3) Рециркуляция не применяется: Mn — 2-й класс опасности. 4) Минимум наружного воздуха на человека (СП 60, прил. [П: номер]) — десятки м³/ч; у нас ≥ 1500 м³/ч на сварщика — выполняется с большим запасом. 5) Местные отсосы и общеобменная вытяжка компенсируются притоком того же расхода — поэтому тепло считается от L (лист 7).

Sheet 4 Таблицы
A1: Характеристика дроссель-клапана (круглый воздуховод): угол → ζ
A2: 0° — открыта, 90° — закрыта. Между точками таблицы ζ интерполируется по логарифму (ζ растёт почти экспоненциально): ln ζ = ln ζ₀ + (α − α₀)/(α₁ − α₀)·(ln ζ₁ − ln ζ₀). Источник: Идельчик И.Е. Справочник по гидравлическим сопротивлениям. 3-е изд. — М.: Машиностроение, 1992, диагр. 9-17, с. 453, кривая 2 (D̄ = 1,0) — сверено; 0° — [Д] (в таблице для кривой 2 нет); 90° — [Д] утечка закрытой заслонки.
A4: α, ° | B4: ζ | C4: ln ζ | D4: Комментарий
A5: 0 | B5: 0.2 | C5: =LN(B5) -> -1.6094379 | D5: [Д] нет в табл.
A6: 10 | B6: 0.52 | C6: =LN(B6) -> -0.65392647 | D6: Идельчик, диагр. 9-17
A7: 20 | B7: 1.54 | C7: =LN(B7) -> 0.43178242 | D7: Идельчик, диагр. 9-17
A8: 30 | B8: 4.5 | C8: =LN(B8) -> 1.5040774 | D8: Идельчик, диагр. 9-17
A9: 40 | B9: 11 | C9: =LN(B9) -> 2.3978953 | D9: Идельчик, диагр. 9-17
A10: 50 | B10: 29 | C10: =LN(B10) -> 3.3672958 | D10: Идельчик, диагр. 9-17
A11: 60 | B11: 105 | C11: =LN(B11) -> 4.6539604 | D11: Идельчик, диагр. 9-17
A12: 70 | B12: 625 | C12: =LN(B12) -> 6.4377516 | D12: Идельчик, диагр. 9-17
A13: 90 | B13: 10000 | C13: =LN(B13) -> 9.2103404 | D13: [Д] закрыто (утечка)
A16: Коэффициент A₁ отвода от угла поворота δ — Идельчик, 1992, диагр. 6-1, с. 278 (таблица), сверено
A17: δ, ° | B17: A₁
A18: 0 | B18: 0
A19: 20 | B19: 0.31
A20: 30 | B20: 0.45
A21: 45 | B21: 0.6
A22: 60 | B22: 0.78
A23: 75 | B23: 0.9
A24: 90 | B24: 1
A25: 110 | B25: 1.13
A26: 130 | B26: 1.2
A27: 150 | B27: 1.28
A28: 180 | B28: 1.4
A31: Диффузор круглый в сети, ζ_д при n = F₁/F₀ = 2, l₀/D₀ = 0 — Идельчик, 1992, диагр. 5-2, с. 211, сверено. Строки — Re·10⁻⁵, столбцы — α, °
A32: Re | B32: ln Re | C32: 3 | D32: 4 | E32: 6 | F32: 8 | G32: 10 | H32: 12 | I32: 14 | J32: 16 | K32: 20 | L32: 30 | M32: 45 | N32: 60 | O32: 90 | P32: 120 | Q32: 180
A33: 50000 | B33: =LN(A33) -> 10.819778 | C33: 0.148 | D33: 0.135 | E33: 0.121 | F33: 0.112 | G33: 0.107 | H33: 0.109 | I33: 0.12 | J33: 0.141 | K33: 0.191 | L33: 0.315 | M33: 0.331 | N33: 0.326 | O33: 0.315 | P33: 0.308 | Q33: 0.298
A34: 100000 | B34: =LN(A34) -> 11.512925 | C34: 0.12 | D34: 0.106 | E34: 0.09 | F34: 0.083 | G34: 0.08 | H34: 0.088 | I34: 0.102 | J34: 0.122 | K34: 0.196 | L34: 0.298 | M34: 0.297 | N34: 0.286 | O34: 0.283 | P34: 0.279 | Q34: 0.276
A35: 200000 | B35: =LN(A35) -> 12.206073 | C35: 0.093 | D35: 0.082 | E35: 0.07 | F35: 0.068 | G35: 0.062 | H35: 0.062 | I35: 0.063 | J35: 0.073 | K35: 0.12 | L35: 0.229 | M35: 0.279 | N35: 0.268 | O35: 0.268 | P35: 0.265 | Q35: 0.263
A36: 400000 | B36: =LN(A36) -> 12.89922 | C36: 0.079 | D36: 0.068 | E36: 0.056 | F36: 0.048 | G36: 0.048 | H36: 0.048 | I36: 0.051 | J36: 0.051 | K36: 0.068 | L36: 0.12 | M36: 0.271 | N36: 0.272 | O36: 0.272 | P36: 0.268 | Q36: 0.268

Sheet 5 Потери
A1: Потери давления на каждом элементе сети — режим пусконаладки: 3 поста по 1500 м³/ч
A2: Общая формула: Δp = ζ·p_д, p_д = ρw²/2 (динамическое давление), w = Q/F. Для воздуховода ζ = λ·l/d (трение), λ — по Альтшулю: λ = 0,11·(kэ/d + 68/Re)^0,25. Для тройников ζ отнесён к скорости в ОБЩЕМ (сборном) канале — поэтому для них w и p_д считаются по d_с и Q_с. Расходы постов (синие, колонка G в строках «зонт») — это решение сети из ядра при углах заслонок пусконаладки; Excel их не решает, а ПРОВЕРЯЕТ: сумма потерь по пути каждого поста должна равняться давлению вентилятора (лист 6). Расходы участков коллектора — сумма постов (закон сохранения массы).
A4: № | B4: Участок | C4: Элемент | D4: Тип | E4: d (d₁), м | F4: l, м | G4: Q, м³/ч | H4: Q_с, м³/ч (общий канал) | I4: Q_б, м³/ч (боковой поток) | J4: Параметр 1 | K4: Параметр 2 | L4: d расч., м | M4: w, м/с | N4: Re | O4: λ | P4: ζ | Q4: p_д, Па | R4: Δp, Па (Excel) | S4: Δp, Па (ядро) | T4: Разница, Па | U4: Формула ζ / пояснение | V4: Источник | W4: k_Re (отвод) / ζ₂ (диффузор) | X4: k_Δ (отвод)
A5: 1 | B5: post1 | C5: hood1 | D5: local | E5: 0.2 | G5: 1499.2931 | J5: 0.2 | L5: =E5 -> 0.2 | M5: =G5/3600/(PI()*L5^2/4) -> 13.256662 | N5: =M5*L5/'1 Исходные'!$D$7 -> 176051.28 | P5: =J5 -> 0.2 | Q5: ='1 Исходные'!$D$6*M5^2/2 -> 105.44345 | R5: =P5*Q5 -> 21.088689 | S5: 21.088689 | T5: =R5-S5 -> 7.3340392e-08 | U5: Вход через конический коллектор (раструб) α = 60°: ζ = 0,25 при l/D = 0,15 и 0,17 при l/D = 0,25 — принято 0,2 (параметр 1). Без раструба (острая кромка) — 0,5. | V5: Идельчик, 1992, диагр. 3-6, с. 127 [С] — сверено; геометрия [Д]
A6: 2 | B6: post1 | C6: branch1 | D6: duct | E6: 0.2 | F6: 6 | G6: =$G$5 -> 1499.2931 | L6: =E6 -> 0.2 | M6: =G6/3600/(PI()*L6^2/4) -> 13.256662 | N6: =M6*L6/'1 Исходные'!$D$7 -> 176051.28 | O6: =IF(N6<=2000,64/N6,IF(N6>=4000,0.11*('1 Исходные'!$D$10/E6+68/N6)^0.25,(1-(N6-2000)/2000)*64/2000+(N6-2000)/2000*0.11*('1 Исходные'!$D$10/E6+68/4000)^0.25)) -> 0.018979374 | P6: =O6*F6/E6 -> 0.56938122 | Q6: ='1 Исходные'!$D$6*M6^2/2 -> 105.44345 | R6: =P6*Q6 -> 60.037517 | S6: 60.037518 | T6: =R6-S6 -> -8.4423799e-07 | U6: Трение по длине: ζ = λ·l/d. λ: Re ≤ 2000 — 64/Re; Re ≥ 4000 — Альтшуль 0,11(kэ/d + 68/Re)^0,25; между — линейно (чтобы λ была непрерывной). | V6: Дарси–Вейсбах; Альтшуль А.Д., 1982 [С]
A7: 3 | B7: post1 | C7: bend90_1 | D7: bend | E7: 0.2 | G7: =$G$5 -> 1499.2931 | J7: 90 | K7: 1.5 | L7: =E7 -> 0.2 | M7: =G7/3600/(PI()*L7^2/4) -> 13.256662 | N7: =M7*L7/'1 Исходные'!$D$7 -> 176051.28 | O7: =IF(N7<=2000,64/N7,IF(N7>=4000,0.11*('1 Исходные'!$D$10/L7+68/N7)^0.25,(1-(N7-2000)/2000)*64/2000+(N7-2000)/2000*0.11*('1 Исходные'!$D$10/L7+68/4000)^0.25)) -> 0.018979374 | P7: =X7*W7*IF(J7>=180,1.4,INDEX('4 Таблицы'!$B$18:$B$28,MATCH(J7,'4 Таблицы'!$A$18:$A$28,1))+(J7-INDEX('4 Таблицы'!$A$18:$A$28,MATCH(J7,'4 Таблицы'!$A$18:$A$28,1)))*(INDEX('4 Таблицы'!$B$18:$B$28,MATCH(J7,'4 Таблицы'!$A$18:$A$28,1)+1)-INDEX('4 Таблицы'!$B$18:$B$28,MATCH(J7,'4 Таблицы'!$A$18:$A$28,1)))/(INDEX('4 Таблицы'!$A$18:$A$28,MATCH(J7,'4 Таблицы'!$A$18:$A$28,1)+1)-INDEX('4 Таблицы'!$A$18:$A$28,MATCH(J7,'4 Таблицы'!$A$18:$A$28,1))))*IF(K7<=1,0.21/K7^2.5,0.21/K7^0.5) -> 0.23941714 | Q7: ='1 Исходные'!$D$6*M7^2/2 -> 105.44345 | R7: =P7*Q7 -> 25.244968 | S7: 25.244969 | T7: =R7-S7 -> -5.1887951e-07 | U7: отвод 90°, R/D = 1,5. Стальной (шероховатый) воздуховод, п. 2 диагр. 6-1: ζ = k_Δ·k_Re·A₁·B₁. A₁ — по таблице (лист 4), B₁ = 0,21/(R/D)^2,5 при R/D ≤ 1, 0,21/(R/D)^0,5 при R/D > 1. k_Re = 1,3 − 0,29·ln(Re·10⁻⁵) при R/D > 0,7. k_Δ: Re 4·10⁴…2·10⁵ — λ_Δ/λ_гл (λ_гл = 1/(1,8 lg Re − 1,64)²), > 2·10⁵ — 1 + Δ̄·10³, сглажено по ln Re на границах [М]. Колонки W, X — k_Re, k_Δ. Параметр 1 = δ, °; 2 = R/D. | V7: Идельчик, 1992, диагр. 6-1, с. 277–278 [С] — сверено | W7: =IF(K7>0.7,1.3-0.29*LN(MAX(N7,10000)*0.00001),IF(K7>0.55,5.45/MAX(N7,10000)^0.131,1+4400/MAX(N7,10000))) -> 1.1359745 | X7: =IF(N7<=32000,1,IF(N7<50000,(1+MIN(1,MAX(0,LN(N7/32000)/LN(50000/32000)))*((O7*(1.8*LOG10(MAX(N7,4000))-1.64)^2)-1)),IF(N7<=160000,(O7*(1.8*LOG10(MAX(N7,4000))-1.64)^2),IF(N7<250000,((O7*(1.8*LOG10(MAX(N7,4000))-1.64)^2)+MIN(1,MAX(0,LN(N7/160000)/LN(250000/160000)))*((1+MIN('1 Исходные'!$D$10/L7,0.001)*1000)-(O7*(1.8*LOG10(MAX(N7,4000))-1.64)^2))),(1+MIN('1 Исходные'!$D$10/L7,0.001)*1000))))) -> 1.2291729
A8: 4 | B8: post1 | C8: bend45_1 | D8: bend | E8: 0.2 | G8: =$G$5 -> 1499.2931 | J8: 45 | K8: 1.5 | L8: =E8 -> 0.2 | M8: =G8/3600/(PI()*L8^2/4) -> 13.256662 | N8: =M8*L8/'1 Исходные'!$D$7 -> 176051.28 | O8: =IF(N8<=2000,64/N8,IF(N8>=4000,0.11*('1 Исходные'!$D$10/L8+68/N8)^0.25,(1-(N8-2000)/2000)*64/2000+(N8-2000)/2000*0.11*('1 Исходные'!$D$10/L8+68/4000)^0.25)) -> 0.018979374 | P8: =X8*W8*IF(J8>=180,1.4,INDEX('4 Таблицы'!$B$18:$B$28,MATCH(J8,'4 Таблицы'!$A$18:$A$28,1))+(J8-INDEX('4 Таблицы'!$A$18:$A$28,MATCH(J8,'4 Таблицы'!$A$18:$A$28,1)))*(INDEX('4 Таблицы'!$B$18:$B$28,MATCH(J8,'4 Таблицы'!$A$18:$A$28,1)+1)-INDEX('4 Таблицы'!$B$18:$B$28,MATCH(J8,'4 Таблицы'!$A$18:$A$28,1)))/(INDEX('4 Таблицы'!$A$18:$A$28,MATCH(J8,'4 Таблицы'!$A$18:$A$28,1)+1)-INDEX('4 Таблицы'!$A$18:$A$28,MATCH(J8,'4 Таблицы'!$A$18:$A$28,1))))*IF(K8<=1,0.21/K8^2.5,0.21/K8^0.5) -> 0.14365029 | Q8: ='1 Исходные'!$D$6*M8^2/2 -> 105.44345 | R8: =P8*Q8 -> 15.146981 | S8: 15.146981 | T8: =R8-S8 -> 8.8672294e-08 | U8: отвод 45°, R/D = 1,5. Стальной (шероховатый) воздуховод, п. 2 диагр. 6-1: ζ = k_Δ·k_Re·A₁·B₁. A₁ — по таблице (лист 4), B₁ = 0,21/(R/D)^2,5 при R/D ≤ 1, 0,21/(R/D)^0,5 при R/D > 1. k_Re = 1,3 − 0,29·ln(Re·10⁻⁵) при R/D > 0,7. k_Δ: Re 4·10⁴…2·10⁵ — λ_Δ/λ_гл (λ_гл = 1/(1,8 lg Re − 1,64)²), > 2·10⁵ — 1 + Δ̄·10³, сглажено по ln Re на границах [М]. Колонки W, X — k_Re, k_Δ. Параметр 1 = δ, °; 2 = R/D. | V8: Идельчик, 1992, диагр. 6-1, с. 277–278 [С] — сверено | W8: =IF(K8>0.7,1.3-0.29*LN(MAX(N8,10000)*0.00001),IF(K8>0.55,5.45/MAX(N8,10000)^0.131,1+4400/MAX(N8,10000))) -> 1.1359745 | X8: =IF(N8<=32000,1,IF(N8<50000,(1+MIN(1,MAX(0,LN(N8/32000)/LN(50000/32000)))*((O8*(1.8*LOG10(MAX(N8,4000))-1.64)^2)-1)),IF(N8<=160000,(O8*(1.8*LOG10(MAX(N8,4000))-1.64)^2),IF(N8<250000,((O8*(1.8*LOG10(MAX(N8,4000))-1.64)^2)+MIN(1,MAX(0,LN(N8/160000)/LN(250000/160000)))*((1+MIN('1 Исходные'!$D$10/L8,0.001)*1000)-(O8*(1.8*LOG10(MAX(N8,4000))-1.64)^2))),(1+MIN('1 Исходные'!$D$10/L8,0.001)*1000))))) -> 1.2291729
A9: 5 | B9: post1 | C9: damper1 | D9: damper | E9: 0.2 | G9: =$G$5 -> 1499.2931 | J9: 0.121757 | L9: =E9 -> 0.2 | M9: =G9/3600/(PI()*L9^2/4) -> 13.256662 | N9: =M9*L9/'1 Исходные'!$D$7 -> 176051.28 | P9: =IF(J9>=90,10000,EXP(LN(INDEX('4 Таблицы'!$B$5:$B$13,MATCH(J9,'4 Таблицы'!$A$5:$A$13,1)))+(J9-INDEX('4 Таблицы'!$A$5:$A$13,MATCH(J9,'4 Таблицы'!$A$5:$A$13,1)))/(INDEX('4 Таблицы'!$A$5:$A$13,MATCH(J9,'4 Таблицы'!$A$5:$A$13,1)+1)-INDEX('4 Таблицы'!$A$5:$A$13,MATCH(J9,'4 Таблицы'!$A$5:$A$13,1)))*(LN(INDEX('4 Таблицы'!$B$5:$B$13,MATCH(J9,'4 Таблицы'!$A$5:$A$13,1)+1))-LN(INDEX('4 Таблицы'!$B$5:$B$13,MATCH(J9,'4 Таблицы'!$A$5:$A$13,1)))))) -> 0.20234039 | Q9: ='1 Исходные'!$D$6*M9^2/2 -> 105.44345 | R9: =P9*Q9 -> 21.335468 | S9: 21.335469 | T9: =R9-S9 -> -9.4901543e-07 | U9: Дроссель-клапан: ζ(α) по таблице листа «4 Таблицы» с интерполяцией по ln ζ. Параметр 1 = угол α, °. | V9: Идельчик, 1992, диагр. 9-17, кривая 2 [С] — сверено
A10: 6 | B10: post1 | C10: bend_end | D10: bend | E10: 0.2 | G10: =$G$5 -> 1499.2931 | J10: 90 | K10: 1 | L10: =E10 -> 0.2 | M10: =G10/3600/(PI()*L10^2/4) -> 13.256662 | N10: =M10*L10/'1 Исходные'!$D$7 -> 176051.28 | O10: =IF(N10<=2000,64/N10,IF(N10>=4000,0.11*('1 Исходные'!$D$10/L10+68/N10)^0.25,(1-(N10-2000)/2000)*64/2000+(N10-2000)/2000*0.11*('1 Исходные'!$D$10/L10+68/4000)^0.25)) -> 0.018979374 | P10: =X10*W10*IF(J10>=180,1.4,INDEX('4 Таблицы'!$B$18:$B$28,MATCH(J10,'4 Таблицы'!$A$18:$A$28,1))+(J10-INDEX('4 Таблицы'!$A$18:$A$28,MATCH(J10,'4 Таблицы'!$A$18:$A$28,1)))*(INDEX('4 Таблицы'!$B$18:$B$28,MATCH(J10,'4 Таблицы'!$A$18:$A$28,1)+1)-INDEX('4 Таблицы'!$B$18:$B$28,MATCH(J10,'4 Таблицы'!$A$18:$A$28,1)))/(INDEX('4 Таблицы'!$A$18:$A$28,MATCH(J10,'4 Таблицы'!$A$18:$A$28,1)+1)-INDEX('4 Таблицы'!$A$18:$A$28,MATCH(J10,'4 Таблицы'!$A$18:$A$28,1))))*IF(K10<=1,0.21/K10^2.5,0.21/K10^0.5) -> 0.29322492 | Q10: ='1 Исходные'!$D$6*M10^2/2 -> 105.44345 | R10: =P10*Q10 -> 30.918646 | S10: 30.918646 | T10: =R10-S10 -> -3.2430536e-07 | U10: отвод 90° в торец коллектора. Стальной (шероховатый) воздуховод, п. 2 диагр. 6-1: ζ = k_Δ·k_Re·A₁·B₁. A₁ — по таблице (лист 4), B₁ = 0,21/(R/D)^2,5 при R/D ≤ 1, 0,21/(R/D)^0,5 при R/D > 1. k_Re = 1,3 − 0,29·ln(Re·10⁻⁵) при R/D > 0,7. k_Δ: Re 4·10⁴…2·10⁵ — λ_Δ/λ_гл (λ_гл = 1/(1,8 lg Re − 1,64)²), > 2·10⁵ — 1 + Δ̄·10³, сглажено по ln Re на границах [М]. Колонки W, X — k_Re, k_Δ. Параметр 1 = δ, °; 2 = R/D. | V10: Идельчик, 1992, диагр. 6-1, с. 277–278 [С] — сверено | W10: =IF(K10>0.7,1.3-0.29*LN(MAX(N10,10000)*0.00001),IF(K10>0.55,5.45/MAX(N10,10000)^0.131,1+4400/MAX(N10,10000))) -> 1.1359745 | X10: =IF(N10<=32000,1,IF(N10<50000,(1+MIN(1,MAX(0,LN(N10/32000)/LN(50000/32000)))*((O10*(1.8*LOG10(MAX(N10,4000))-1.64)^2)-1)),IF(N10<=160000,(O10*(1.8*LOG10(MAX(N10,4000))-1.64)^2),IF(N10<250000,((O10*(1.8*LOG10(MAX(N10,4000))-1.64)^2)+MIN(1,MAX(0,LN(N10/160000)/LN(250000/160000)))*((1+MIN('1 Исходные'!$D$10/L10,0.001)*1000)-(O10*(1.8*LOG10(MAX(N10,4000))-1.64)^2))),(1+MIN('1 Исходные'!$D$10/L10,0.001)*1000))))) -> 1.2291729
A11: 7 | B11: post1 | C11: trans1 | D11: diffuser | E11: 0.2 | G11: =$G$5 -> 1499.2931 | J11: 0.25 | K11: 15 | L11: =E11 -> 0.2 | M11: =G11/3600/(PI()*L11^2/4) -> 13.256662 | N11: =M11*L11/'1 Исходные'!$D$7 -> 176051.28 | O11: =IF(N11<=2000,64/N11,IF(N11>=4000,0.11*('1 Исходные'!$D$10/L11+68/N11)^0.25,(1-(N11-2000)/2000)*64/2000+(N11-2000)/2000*0.11*('1 Исходные'!$D$10/L11+68/4000)^0.25)) -> 0.018979374 | P11: =MAX(0,W11-(O11/(8*SIN(RADIANS(K11/2)))*(1-1/(2)^2)))*((1-1/((J11/E11)^2))/0.5)^1.92+(O11/(8*SIN(RADIANS(K11/2)))*(1-1/(((J11/E11)^2))^2)) -> 0.043974788 | Q11: ='1 Исходные'!$D$6*M11^2/2 -> 105.44345 | R11: =P11*Q11 -> 4.6368532 | S11: 4.636853 | T11: =R11-S11 -> 1.5679481e-07 | U11: Переход на больший диаметр (диффузор), к скорости в узком сечении d₁. n = (d₂/d₁)². ζ₂ — таблица при n = 2 (лист 4) по α и Re (интерполяция по α и ln Re); пересчёт на n по формулам Идельчика (5-6), (5-7): ζ = (ζ₂ − ζ_тр(2))·((1 − 1/n)/0,5)^1,92 + ζ_тр(n), ζ_тр = λ/(8 sin(α/2))·(1 − 1/n²) [М]. Колонка W — ζ₂. Параметр 1 = d₂, м; 2 = α, °. | V11: Идельчик, 1992, диагр. 5-2, с. 211; ф. (5-6), (5-7), с. 192–193 [С] — сверено | W11: =(INDEX(OFFSET('4 Таблицы'!$C$33,MIN(MATCH(LN(MIN(MAX(N11,50000),400000)),'4 Таблицы'!$B$33:$B$36,1),3)-1,0,1,15),1,MIN(MATCH(K11,'4 Таблицы'!$C$32:$Q$32,1),14))+(K11-INDEX('4 Таблицы'!$C$32:$Q$32,1,MIN(MATCH(K11,'4 Таблицы'!$C$32:$Q$32,1),14)))*(INDEX(OFFSET('4 Таблицы'!$C$33,MIN(MATCH(LN(MIN(MAX(N11,50000),400000)),'4 Таблицы'!$B$33:$B$36,1),3)-1,0,1,15),1,MIN(MATCH(K11,'4 Таблицы'!$C$32:$Q$32,1),14)+1)-INDEX(OFFSET('4 Таблицы'!$C$33,MIN(MATCH(LN(MIN(MAX(N11,50000),400000)),'4 Таблицы'!$B$33:$B$36,1),3)-1,0,1,15),1,MIN(MATCH(K11,'4 Таблицы'!$C$32:$Q$32,1),14)))/(INDEX('4 Таблицы'!$C$32:$Q$32,1,MIN(MATCH(K11,'4 Таблицы'!$C$32:$Q$32,1),14)+1)-INDEX('4 Таблицы'!$C$32:$Q$32,1,MIN(MATCH(K11,'4 Таблицы'!$C$32:$Q$32,1),14))))+(LN(MIN(MAX(N11,50000),400000))-INDEX('4 Таблицы'!$B$33:$B$36,MIN(MATCH(LN(MIN(MAX(N11,50000),400000)),'4 Таблицы'!$B$33:$B$36,1),3)))/(INDEX('4 Таблицы'!$B$33:$B$36,MIN(MATCH(LN(MIN(MAX(N11,50000),400000)),'4 Таблицы'!$B$33:$B$36,1),3)+1)-INDEX('4 Таблицы'!$B$33:$B$36,MIN(MATCH(LN(MIN(MAX(N11,50000),400000)),'4 Таблицы'!$B$33:$B$36,1),3)))*((INDEX(OFFSET('4 Таблицы'!$C$33,MIN(MATCH(LN(MIN(MAX(N11,50000),400000)),'4 Таблицы'!$B$33:$B$36,1),3),0,1,15),1,MIN(MATCH(K11,'4 Таблицы'!$C$32:$Q$32,1),14))+(K11-INDEX('4 Таблицы'!$C$32:$Q$32,1,MIN(MATCH(K11,'4 Таблицы'!$C$32:$Q$32,1),14)))*(INDEX(OFFSET('4 Таблицы'!$C$33,MIN(MATCH(LN(MIN(MAX(N11,50000),400000)),'4 Таблицы'!$B$33:$B$36,1),3),0,1,15),1,MIN(MATCH(K11,'4 Таблицы'!$C$32:$Q$32,1),14)+1)-INDEX(OFFSET('4 Таблицы'!$C$33,MIN(MATCH(LN(MIN(MAX(N11,50000),400000)),'4 Таблицы'!$B$33:$B$36,1),3),0,1,15),1,MIN(MATCH(K11,'4 Таблицы'!$C$32:$Q$32,1),14)))/(INDEX('4 Таблицы'!$C$32:$Q$32,1,MIN(MATCH(K11,'4 Таблицы'!$C$32:$Q$32,1),14)+1)-INDEX('4 Таблицы'!$C$32:$Q$32,1,MIN(MATCH(K11,'4 Таблицы'!$C$32:$Q$32,1),14))))-(INDEX(OFFSET('4 Таблицы'!$C$33,MIN(MATCH(LN(MIN(MAX(N11,50000),400000)),'4 Таблицы'!$B$33:$B$36,1),3)-1,0,1,15),1,MIN(MATCH(K11,'4 Таблицы'!$C$32:$Q$32,1),14))+(K11-INDEX('4 Таблицы'!$C$32:$Q$32,1,MIN(MATCH(K11,'4 Таблицы'!$C$32:$Q$32,1),14)))*(INDEX(OFFSET('4 Таблицы'!$C$33,MIN(MATCH(LN(MIN(MAX(N11,50000),400000)),'4 Таблицы'!$B$33:$B$36,1),3)-1,0,1,15),1,MIN(MATCH(K11,'4 Таблицы'!$C$32:$Q$32,1),14)+1)-INDEX(OFFSET('4 Таблицы'!$C$33,MIN(MATCH(LN(MIN(MAX(N11,50000),400000)),'4 Таблицы'!$B$33:$B$36,1),3)-1,0,1,15),1,MIN(MATCH(K11,'4 Таблицы'!$C$32:$Q$32,1),14)))/(INDEX('4 Таблицы'!$C$32:$Q$32,1,MIN(MATCH(K11,'4 Таблицы'!$C$32:$Q$32,1),14)+1)-INDEX('4 Таблицы'!$C$32:$Q$32,1,MIN(MATCH(K11,'4 Таблицы'!$C$32:$Q$32,1),14))))) -> 0.076096188
A12: 8 | B12: c1 | C12: c1 | D12: duct | E12: 0.25 | F12: 5 | G12: =$G$5 -> 1499.2931 | L12: =E12 -> 0.25 | M12: =G12/3600/(PI()*L12^2/4) -> 8.4842634 | N12: =M12*L12/'1 Исходные'!$D$7 -> 140841.03 | O12: =IF(N12<=2000,64/N12,IF(N12>=4000,0.11*('1 Исходные'!$D$10/E12+68/N12)^0.25,(1-(N12-2000)/2000)*64/2000+(N12-2000)/2000*0.11*('1 Исходные'!$D$10/E12+68/4000)^0.25)) -> 0.018960945 | P12: =O12*F12/E12 -> 0.37921889 | Q12: ='1 Исходные'!$D$6*M12^2/2 -> 43.189635 | R12: =P12*Q12 -> 16.378326 | S12: 16.378326 | T12: =R12-S12 -> -3.0373162e-07 | U12: Трение по длине: ζ = λ·l/d. λ: Re ≤ 2000 — 64/Re; Re ≥ 4000 — Альтшуль 0,11(kэ/d + 68/Re)^0,25; между — линейно (чтобы λ была непрерывной). | V12: Дарси–Вейсбах; Альтшуль А.Д., 1982 [С]
A13: 9 | B13: c1 | C13: trans_c1 | D13: diffuser | E13: 0.25 | G13: =$G$12 -> 1499.2931 | J13: 0.315 | K13: 15 | L13: =E13 -> 0.25 | M13: =G13/3600/(PI()*L13^2/4) -> 8.4842634 | N13: =M13*L13/'1 Исходные'!$D$7 -> 140841.03 | O13: =IF(N13<=2000,64/N13,IF(N13>=4000,0.11*('1 Исходные'!$D$10/L13+68/N13)^0.25,(1-(N13-2000)/2000)*64/2000+(N13-2000)/2000*0.11*('1 Исходные'!$D$10/L13+68/4000)^0.25)) -> 0.018960945 | P13: =MAX(0,W13-(O13/(8*SIN(RADIANS(K13/2)))*(1-1/(2)^2)))*((1-1/((J13/E13)^2))/0.5)^1.92+(O13/(8*SIN(RADIANS(K13/2)))*(1-1/(((J13/E13)^2))^2)) -> 0.053972952 | Q13: ='1 Исходные'!$D$6*M13^2/2 -> 43.189635 | R13: =P13*Q13 -> 2.3310721 | S13: 2.331072 | T13: =R13-S13 -> 1.1452692e-07 | U13: Переход на больший диаметр (диффузор), к скорости в узком сечении d₁. n = (d₂/d₁)². ζ₂ — таблица при n = 2 (лист 4) по α и Re (интерполяция по α и ln Re); пересчёт на n по формулам Идельчика (5-6), (5-7): ζ = (ζ₂ − ζ_тр(2))·((1 − 1/n)/0,5)^1,92 + ζ_тр(n), ζ_тр = λ/(8 sin(α/2))·(1 − 1/n²) [М]. Колонка W — ζ₂. Параметр 1 = d₂, м; 2 = α, °. | V13: Идельчик, 1992, диагр. 5-2, с. 211; ф. (5-6), (5-7), с. 192–193 [С] — сверено | W13: =(INDEX(OFFSET('4 Таблицы'!$C$33,MIN(MATCH(LN(MIN(MAX(N13,50000),400000)),'4 Таблицы'!$B$33:$B$36,1),3)-1,0,1,15),1,MIN(MATCH(K13,'4 Таблицы'!$C$32:$Q$32,1),14))+(K13-INDEX('4 Таблицы'!$C$32:$Q$32,1,MIN(MATCH(K13,'4 Таблицы'!$C$32:$Q$32,1),14)))*(INDEX(OFFSET('4 Таблицы'!$C$33,MIN(MATCH(LN(MIN(MAX(N13,50000),400000)),'4 Таблицы'!$B$33:$B$36,1),3)-1,0,1,15),1,MIN(MATCH(K13,'4 Таблицы'!$C$32:$Q$32,1),14)+1)-INDEX(OFFSET('4 Таблицы'!$C$33,MIN(MATCH(LN(MIN(MAX(N13,50000),400000)),'4 Таблицы'!$B$33:$B$36,1),3)-1,0,1,15),1,MIN(MATCH(K13,'4 Таблицы'!$C$32:$Q$32,1),14)))/(INDEX('4 Таблицы'!$C$32:$Q$32,1,MIN(MATCH(K13,'4 Таблицы'!$C$32:$Q$32,1),14)+1)-INDEX('4 Таблицы'!$C$32:$Q$32,1,MIN(MATCH(K13,'4 Таблицы'!$C$32:$Q$32,1),14))))+(LN(MIN(MAX(N13,50000),400000))-INDEX('4 Таблицы'!$B$33:$B$36,MIN(MATCH(LN(MIN(MAX(N13,50000),400000)),'4 Таблицы'!$B$33:$B$36,1),3)))/(INDEX('4 Таблицы'!$B$33:$B$36,MIN(MATCH(LN(MIN(MAX(N13,50000),400000)),'4 Таблицы'!$B$33:$B$36,1),3)+1)-INDEX('4 Таблицы'!$B$33:$B$36,MIN(MATCH(LN(MIN(MAX(N13,50000),400000)),'4 Таблицы'!$B$33:$B$36,1),3)))*((INDEX(OFFSET('4 Таблицы'!$C$33,MIN(MATCH(LN(MIN(MAX(N13,50000),400000)),'4 Таблицы'!$B$33:$B$36,1),3),0,1,15),1,MIN(MATCH(K13,'4 Таблицы'!$C$32:$Q$32,1),14))+(K13-INDEX('4 Таблицы'!$C$32:$Q$32,1,MIN(MATCH(K13,'4 Таблицы'!$C$32:$Q$32,1),14)))*(INDEX(OFFSET('4 Таблицы'!$C$33,MIN(MATCH(LN(MIN(MAX(N13,50000),400000)),'4 Таблицы'!$B$33:$B$36,1),3),0,1,15),1,MIN(MATCH(K13,'4 Таблицы'!$C$32:$Q$32,1),14)+1)-INDEX(OFFSET('4 Таблицы'!$C$33,MIN(MATCH(LN(MIN(MAX(N13,50000),400000)),'4 Таблицы'!$B$33:$B$36,1),3),0,1,15),1,MIN(MATCH(K13,'4 Таблицы'!$C$32:$Q$32,1),14)))/(INDEX('4 Таблицы'!$C$32:$Q$32,1,MIN(MATCH(K13,'4 Таблицы'!$C$32:$Q$32,1),14)+1)-INDEX('4 Таблицы'!$C$32:$Q$32,1,MIN(MATCH(K13,'4 Таблицы'!$C$32:$Q$32,1),14))))-(INDEX(OFFSET('4 Таблицы'!$C$33,MIN(MATCH(LN(MIN(MAX(N13,50000),400000)),'4 Таблицы'!$B$33:$B$36,1),3)-1,0,1,15),1,MIN(MATCH(K13,'4 Таблицы'!$C$32:$Q$32,1),14))+(K13-INDEX('4 Таблицы'!$C$32:$Q$32,1,MIN(MATCH(K13,'4 Таблицы'!$C$32:$Q$32,1),14)))*(INDEX(OFFSET('4 Таблицы'!$C$33,MIN(MATCH(LN(MIN(MAX(N13,50000),400000)),'4 Таблицы'!$B$33:$B$36,1),3)-1,0,1,15),1,MIN(MATCH(K13,'4 Таблицы'!$C$32:$Q$32,1),14)+1)-INDEX(OFFSET('4 Таблицы'!$C$33,MIN(MATCH(LN(MIN(MAX(N13,50000),400000)),'4 Таблицы'!$B$33:$B$36,1),3)-1,0,1,15),1,MIN(MATCH(K13,'4 Таблицы'!$C$32:$Q$32,1),14)))/(INDEX('4 Таблицы'!$C$32:$Q$32,1,MIN(MATCH(K13,'4 Таблицы'!$C$32:$Q$32,1),14)+1)-INDEX('4 Таблицы'!$C$32:$Q$32,1,MIN(MATCH(K13,'4 Таблицы'!$C$32:$Q$32,1),14))))) -> 0.090261024
A14: 10 | B14: c1 | C14: teeP2 | D14: teeStraight | E14: 0.315 | G14: =$G$12 -> 1499.2931 | H14: =G14+I14 -> 2998.7509 | I14: =$G$15 -> 1499.4578 | L14: =E14 -> 0.315 | M14: =H14/3600/(PI()*L14^2/4) -> 10.68875 | N14: =M14*L14/'1 Исходные'!$D$7 -> 223569.46 | P14: =1.55*(I14/H14)-(I14/H14)^2 -> 0.5250151 | Q14: ='1 Исходные'!$D$6*M14^2/2 -> 68.54962 | R14: =P14*Q14 -> 35.989586 | S14: 35.989587 | T14: =R14-S14 -> -1.031613e-06 | U14: Тройник на слияние, проход. r = Q_б/Q_с (Q_б — боковой поток, колонка I). ζ = 1,55·r − r², к скорости в общем канале (d = d_с). | V14: Идельчик, 1992, диагр. 7-4, с. 346 [С] — сверено
A15: 11 | B15: post2 | C15: hood2 | D15: local | E15: 0.2 | G15: 1499.4578 | J15: 0.2 | L15: =E15 -> 0.2 | M15: =G15/3600/(PI()*L15^2/4) -> 13.258118 | N15: =M15*L15/'1 Исходные'!$D$7 -> 176070.62 | P15: =J15 -> 0.2 | Q15: ='1 Исходные'!$D$6*M15^2/2 -> 105.46661 | R15: =P15*Q15 -> 21.093323 | S15: 21.093323 | T15: =R15-S15 -> -4.1255241e-07 | U15: Вход через конический коллектор (раструб) α = 60°: ζ = 0,25 при l/D = 0,15 и 0,17 при l/D = 0,25 — принято 0,2 (параметр 1). Без раструба (острая кромка) — 0,5. | V15: Идельчик, 1992, диагр. 3-6, с. 127 [С] — сверено; геометрия [Д]
A16: 12 | B16: post2 | C16: branch2 | D16: duct | E16: 0.2 | F16: 6 | G16: =$G$15 -> 1499.4578 | L16: =E16 -> 0.2 | M16: =G16/3600/(PI()*L16^2/4) -> 13.258118 | N16: =M16*L16/'1 Исходные'!$D$7 -> 176070.62 | O16: =IF(N16<=2000,64/N16,IF(N16>=4000,0.11*('1 Исходные'!$D$10/E16+68/N16)^0.25,(1-(N16-2000)/2000)*64/2000+(N16-2000)/2000*0.11*('1 Исходные'!$D$10/E16+68/4000)^0.25)) -> 0.018979147 | P16: =O16*F16/E16 -> 0.5693744 | Q16: ='1 Исходные'!$D$6*M16^2/2 -> 105.46661 | R16: =P16*Q16 -> 60.04999 | S16: 60.049992 | T16: =R16-S16 -> -2.3491679e-06 | U16: Трение по длине: ζ = λ·l/d. λ: Re ≤ 2000 — 64/Re; Re ≥ 4000 — Альтшуль 0,11(kэ/d + 68/Re)^0,25; между — линейно (чтобы λ была непрерывной). | V16: Дарси–Вейсбах; Альтшуль А.Д., 1982 [С]
A17: 13 | B17: post2 | C17: bend90_2 | D17: bend | E17: 0.2 | G17: =$G$15 -> 1499.4578 | J17: 90 | K17: 1.5 | L17: =E17 -> 0.2 | M17: =G17/3600/(PI()*L17^2/4) -> 13.258118 | N17: =M17*L17/'1 Исходные'!$D$7 -> 176070.62 | O17: =IF(N17<=2000,64/N17,IF(N17>=4000,0.11*('1 Исходные'!$D$10/L17+68/N17)^0.25,(1-(N17-2000)/2000)*64/2000+(N17-2000)/2000*0.11*('1 Исходные'!$D$10/L17+68/4000)^0.25)) -> 0.018979147 | P17: =X17*W17*IF(J17>=180,1.4,INDEX('4 Таблицы'!$B$18:$B$28,MATCH(J17,'4 Таблицы'!$A$18:$A$28,1))+(J17-INDEX('4 Таблицы'!$A$18:$A$28,MATCH(J17,'4 Таблицы'!$A$18:$A$28,1)))*(INDEX('4 Таблицы'!$B$18:$B$28,MATCH(J17,'4 Таблицы'!$A$18:$A$28,1)+1)-INDEX('4 Таблицы'!$B$18:$B$28,MATCH(J17,'4 Таблицы'!$A$18:$A$28,1)))/(INDEX('4 Таблицы'!$A$18:$A$28,MATCH(J17,'4 Таблицы'!$A$18:$A$28,1)+1)-INDEX('4 Таблицы'!$A$18:$A$28,MATCH(J17,'4 Таблицы'!$A$18:$A$28,1))))*IF(K17<=1,0.21/K17^2.5,0.21/K17^0.5) -> 0.23942873 | Q17: ='1 Исходные'!$D$6*M17^2/2 -> 105.46661 | R17: =P17*Q17 -> 25.251737 | S17: 25.251738 | T17: =R17-S17 -> -1.0194178e-06 | U17: отвод 90°, R/D = 1,5. Стальной (шероховатый) воздуховод, п. 2 диагр. 6-1: ζ = k_Δ·k_Re·A₁·B₁. A₁ — по таблице (лист 4), B₁ = 0,21/(R/D)^2,5 при R/D ≤ 1, 0,21/(R/D)^0,5 при R/D > 1. k_Re = 1,3 − 0,29·ln(Re·10⁻⁵) при R/D > 0,7. k_Δ: Re 4·10⁴…2·10⁵ — λ_Δ/λ_гл (λ_гл = 1/(1,8 lg Re − 1,64)²), > 2·10⁵ — 1 + Δ̄·10³, сглажено по ln Re на границах [М]. Колонки W, X — k_Re, k_Δ. Параметр 1 = δ, °; 2 = R/D. | V17: Идельчик, 1992, диагр. 6-1, с. 277–278 [С] — сверено | W17: =IF(K17>0.7,1.3-0.29*LN(MAX(N17,10000)*0.00001),IF(K17>0.55,5.45/MAX(N17,10000)^0.131,1+4400/MAX(N17,10000))) -> 1.1359427 | X17: =IF(N17<=32000,1,IF(N17<50000,(1+MIN(1,MAX(0,LN(N17/32000)/LN(50000/32000)))*((O17*(1.8*LOG10(MAX(N17,4000))-1.64)^2)-1)),IF(N17<=160000,(O17*(1.8*LOG10(MAX(N17,4000))-1.64)^2),IF(N17<250000,((O17*(1.8*LOG10(MAX(N17,4000))-1.64)^2)+MIN(1,MAX(0,LN(N17/160000)/LN(250000/160000)))*((1+MIN('1 Исходные'!$D$10/L17,0.001)*1000)-(O17*(1.8*LOG10(MAX(N17,4000))-1.64)^2))),(1+MIN('1 Исходные'!$D$10/L17,0.001)*1000))))) -> 1.2292669
A18: 14 | B18: post2 | C18: bend45_2 | D18: bend | E18: 0.2 | G18: =$G$15 -> 1499.4578 | J18: 45 | K18: 1.5 | L18: =E18 -> 0.2 | M18: =G18/3600/(PI()*L18^2/4) -> 13.258118 | N18: =M18*L18/'1 Исходные'!$D$7 -> 176070.62 | O18: =IF(N18<=2000,64/N18,IF(N18>=4000,0.11*('1 Исходные'!$D$10/L18+68/N18)^0.25,(1-(N18-2000)/2000)*64/2000+(N18-2000)/2000*0.11*('1 Исходные'!$D$10/L18+68/4000)^0.25)) -> 0.018979147 | P18: =X18*W18*IF(J18>=180,1.4,INDEX('4 Таблицы'!$B$18:$B$28,MATCH(J18,'4 Таблицы'!$A$18:$A$28,1))+(J18-INDEX('4 Таблицы'!$A$18:$A$28,MATCH(J18,'4 Таблицы'!$A$18:$A$28,1)))*(INDEX('4 Таблицы'!$B$18:$B$28,MATCH(J18,'4 Таблицы'!$A$18:$A$28,1)+1)-INDEX('4 Таблицы'!$B$18:$B$28,MATCH(J18,'4 Таблицы'!$A$18:$A$28,1)))/(INDEX('4 Таблицы'!$A$18:$A$28,MATCH(J18,'4 Таблицы'!$A$18:$A$28,1)+1)-INDEX('4 Таблицы'!$A$18:$A$28,MATCH(J18,'4 Таблицы'!$A$18:$A$28,1))))*IF(K18<=1,0.21/K18^2.5,0.21/K18^0.5) -> 0.14365724 | Q18: ='1 Исходные'!$D$6*M18^2/2 -> 105.46661 | R18: =P18*Q18 -> 15.151042 | S18: 15.151043 | T18: =R18-S18 -> -8.1165066e-07 | U18: отвод 45°, R/D = 1,5. Стальной (шероховатый) воздуховод, п. 2 диагр. 6-1: ζ = k_Δ·k_Re·A₁·B₁. A₁ — по таблице (лист 4), B₁ = 0,21/(R/D)^2,5 при R/D ≤ 1, 0,21/(R/D)^0,5 при R/D > 1. k_Re = 1,3 − 0,29·ln(Re·10⁻⁵) при R/D > 0,7. k_Δ: Re 4·10⁴…2·10⁵ — λ_Δ/λ_гл (λ_гл = 1/(1,8 lg Re − 1,64)²), > 2·10⁵ — 1 + Δ̄·10³, сглажено по ln Re на границах [М]. Колонки W, X — k_Re, k_Δ. Параметр 1 = δ, °; 2 = R/D. | V18: Идельчик, 1992, диагр. 6-1, с. 277–278 [С] — сверено | W18: =IF(K18>0.7,1.3-0.29*LN(MAX(N18,10000)*0.00001),IF(K18>0.55,5.45/MAX(N18,10000)^0.131,1+4400/MAX(N18,10000))) -> 1.1359427 | X18: =IF(N18<=32000,1,IF(N18<50000,(1+MIN(1,MAX(0,LN(N18/32000)/LN(50000/32000)))*((O18*(1.8*LOG10(MAX(N18,4000))-1.64)^2)-1)),IF(N18<=160000,(O18*(1.8*LOG10(MAX(N18,4000))-1.64)^2),IF(N18<250000,((O18*(1.8*LOG10(MAX(N18,4000))-1.64)^2)+MIN(1,MAX(0,LN(N18/160000)/LN(250000/160000)))*((1+MIN('1 Исходные'!$D$10/L18,0.001)*1000)-(O18*(1.8*LOG10(MAX(N18,4000))-1.64)^2))),(1+MIN('1 Исходные'!$D$10/L18,0.001)*1000))))) -> 1.2292669
A19: 15 | B19: post2 | C19: damper2 | D19: damper | E19: 0.2 | G19: =$G$15 -> 1499.4578 | J19: 5.21025 | L19: =E19 -> 0.2 | M19: =G19/3600/(PI()*L19^2/4) -> 13.258118 | N19: =M19*L19/'1 Исходные'!$D$7 -> 176070.62 | P19: =IF(J19>=90,10000,EXP(LN(INDEX('4 Таблицы'!$B$5:$B$13,MATCH(J19,'4 Таблицы'!$A$5:$A$13,1)))+(J19-INDEX('4 Таблицы'!$A$5:$A$13,MATCH(J19,'4 Таблицы'!$A$5:$A$13,1)))/(INDEX('4 Таблицы'!$A$5:$A$13,MATCH(J19,'4 Таблицы'!$A$5:$A$13,1)+1)-INDEX('4 Таблицы'!$A$5:$A$13,MATCH(J19,'4 Таблицы'!$A$5:$A$13,1)))*(LN(INDEX('4 Таблицы'!$B$5:$B$13,MATCH(J19,'4 Таблицы'!$A$5:$A$13,1)+1))-LN(INDEX('4 Таблицы'!$B$5:$B$13,MATCH(J19,'4 Таблицы'!$A$5:$A$13,1)))))) -> 0.32903454 | Q19: ='1 Исходные'!$D$6*M19^2/2 -> 105.46661 | R19: =P19*Q19 -> 34.702158 | S19: 34.702159 | T19: =R19-S19 -> -9.7324045e-07 | U19: Дроссель-клапан: ζ(α) по таблице листа «4 Таблицы» с интерполяцией по ln ζ. Параметр 1 = угол α, °. | V19: Идельчик, 1992, диагр. 9-17, кривая 2 [С] — сверено
A20: 16 | B20: post2 | C20: tee2 | D20: teeSide | E20: 0.2 | G20: =$G$15 -> 1499.4578 | H20: =$G$21 -> 2998.7509 | J20: 0.315 | L20: =J20 -> 0.315 | M20: =H20/3600/(PI()*L20^2/4) -> 10.68875 | N20: =M20*L20/'1 Исходные'!$D$7 -> 223569.46 | P20: =IF((E20/J20)^2<=0.35,1,MAX(0.9*(1-(G20/H20)),0.55))*(1+((G20/H20)*(J20/E20)^2)^2-2*(1-(G20/H20))^2) -> 1.1212295 | Q20: ='1 Исходные'!$D$6*M20^2/2 -> 68.54962 | R20: =P20*Q20 -> 76.859853 | S20: 76.859856 | T20: =R20-S20 -> -2.6390347e-06 | U20: Тройник на слияние, боковой вход. r = Q_б/Q_с. ζ = A·[1 + (r·F_с/F_б)² − 2(1 − r)²], к скорости в общем канале d_с (параметр 1). A: F_б/F_с ≤ 0,35 → 1; иначе max(0,9(1 − r); 0,55). Может быть < 0 (эжекция) — это физика. | V20: Идельчик, 1992, диагр. 7-4, с. 346; A — табл. 7-1, с. 335 [С] — сверено
A21: 17 | B21: c2 | C21: c2 | D21: duct | E21: 0.315 | F21: 5 | G21: =$G$12+$G$15 -> 2998.7509 | L21: =E21 -> 0.315 | M21: =G21/3600/(PI()*L21^2/4) -> 10.68875 | N21: =M21*L21/'1 Исходные'!$D$7 -> 223569.46 | O21: =IF(N21<=2000,64/N21,IF(N21>=4000,0.11*('1 Исходные'!$D$10/E21+68/N21)^0.25,(1-(N21-2000)/2000)*64/2000+(N21-2000)/2000*0.11*('1 Исходные'!$D$10/E21+68/4000)^0.25)) -> 0.017368939 | P21: =O21*F21/E21 -> 0.27569745 | Q21: ='1 Исходные'!$D$6*M21^2/2 -> 68.54962 | R21: =P21*Q21 -> 18.898955 | S21: 18.898956 | T21: =R21-S21 -> -7.8486367e-07 | U21: Трение по длине: ζ = λ·l/d. λ: Re ≤ 2000 — 64/Re; Re ≥ 4000 — Альтшуль 0,11(kэ/d + 68/Re)^0,25; между — линейно (чтобы λ была непрерывной). | V21: Дарси–Вейсбах; Альтшуль А.Д., 1982 [С]
A22: 18 | B22: c2 | C22: trans_c2 | D22: diffuser | E22: 0.315 | G22: =$G$21 -> 2998.7509 | J22: 0.4 | K22: 15 | L22: =E22 -> 0.315 | M22: =G22/3600/(PI()*L22^2/4) -> 10.68875 | N22: =M22*L22/'1 Исходные'!$D$7 -> 223569.46 | O22: =IF(N22<=2000,64/N22,IF(N22>=4000,0.11*('1 Исходные'!$D$10/L22+68/N22)^0.25,(1-(N22-2000)/2000)*64/2000+(N22-2000)/2000*0.11*('1 Исходные'!$D$10/L22+68/4000)^0.25)) -> 0.017368939 | P22: =MAX(0,W22-(O22/(8*SIN(RADIANS(K22/2)))*(1-1/(2)^2)))*((1-1/((J22/E22)^2))/0.5)^1.92+(O22/(8*SIN(RADIANS(K22/2)))*(1-1/(((J22/E22)^2))^2)) -> 0.04138164 | Q22: ='1 Исходные'!$D$6*M22^2/2 -> 68.54962 | R22: =P22*Q22 -> 2.8366957 | S22: 2.836696 | T22: =R22-S22 -> -2.9649741e-07 | U22: Переход на больший диаметр (диффузор), к скорости в узком сечении d₁. n = (d₂/d₁)². ζ₂ — таблица при n = 2 (лист 4) по α и Re (интерполяция по α и ln Re); пересчёт на n по формулам Идельчика (5-6), (5-7): ζ = (ζ₂ − ζ_тр(2))·((1 − 1/n)/0,5)^1,92 + ζ_тр(n), ζ_тр = λ/(8 sin(α/2))·(1 − 1/n²) [М]. Колонка W — ζ₂. Параметр 1 = d₂, м; 2 = α, °. | V22: Идельчик, 1992, диагр. 5-2, с. 211; ф. (5-6), (5-7), с. 192–193 [С] — сверено | W22: =(INDEX(OFFSET('4 Таблицы'!$C$33,MIN(MATCH(LN(MIN(MAX(N22,50000),400000)),'4 Таблицы'!$B$33:$B$36,1),3)-1,0,1,15),1,MIN(MATCH(K22,'4 Таблицы'!$C$32:$Q$32,1),14))+(K22-INDEX('4 Таблицы'!$C$32:$Q$32,1,MIN(MATCH(K22,'4 Таблицы'!$C$32:$Q$32,1),14)))*(INDEX(OFFSET('4 Таблицы'!$C$33,MIN(MATCH(LN(MIN(MAX(N22,50000),400000)),'4 Таблицы'!$B$33:$B$36,1),3)-1,0,1,15),1,MIN(MATCH(K22,'4 Таблицы'!$C$32:$Q$32,1),14)+1)-INDEX(OFFSET('4 Таблицы'!$C$33,MIN(MATCH(LN(MIN(MAX(N22,50000),400000)),'4 Таблицы'!$B$33:$B$36,1),3)-1,0,1,15),1,MIN(MATCH(K22,'4 Таблицы'!$C$32:$Q$32,1),14)))/(INDEX('4 Таблицы'!$C$32:$Q$32,1,MIN(MATCH(K22,'4 Таблицы'!$C$32:$Q$32,1),14)+1)-INDEX('4 Таблицы'!$C$32:$Q$32,1,MIN(MATCH(K22,'4 Таблицы'!$C$32:$Q$32,1),14))))+(LN(MIN(MAX(N22,50000),400000))-INDEX('4 Таблицы'!$B$33:$B$36,MIN(MATCH(LN(MIN(MAX(N22,50000),400000)),'4 Таблицы'!$B$33:$B$36,1),3)))/(INDEX('4 Таблицы'!$B$33:$B$36,MIN(MATCH(LN(MIN(MAX(N22,50000),400000)),'4 Таблицы'!$B$33:$B$36,1),3)+1)-INDEX('4 Таблицы'!$B$33:$B$36,MIN(MATCH(LN(MIN(MAX(N22,50000),400000)),'4 Таблицы'!$B$33:$B$36,1),3)))*((INDEX(OFFSET('4 Таблицы'!$C$33,MIN(MATCH(LN(MIN(MAX(N22,50000),400000)),'4 Таблицы'!$B$33:$B$36,1),3),0,1,15),1,MIN(MATCH(K22,'4 Таблицы'!$C$32:$Q$32,1),14))+(K22-INDEX('4 Таблицы'!$C$32:$Q$32,1,MIN(MATCH(K22,'4 Таблицы'!$C$32:$Q$32,1),14)))*(INDEX(OFFSET('4 Таблицы'!$C$33,MIN(MATCH(LN(MIN(MAX(N22,50000),400000)),'4 Таблицы'!$B$33:$B$36,1),3),0,1,15),1,MIN(MATCH(K22,'4 Таблицы'!$C$32:$Q$32,1),14)+1)-INDEX(OFFSET('4 Таблицы'!$C$33,MIN(MATCH(LN(MIN(MAX(N22,50000),400000)),'4 Таблицы'!$B$33:$B$36,1),3),0,1,15),1,MIN(MATCH(K22,'4 Таблицы'!$C$32:$Q$32,1),14)))/(INDEX('4 Таблицы'!$C$32:$Q$32,1,MIN(MATCH(K22,'4 Таблицы'!$C$32:$Q$32,1),14)+1)-INDEX('4 Таблицы'!$C$32:$Q$32,1,MIN(MATCH(K22,'4 Таблицы'!$C$32:$Q$32,1),14))))-(INDEX(OFFSET('4 Таблицы'!$C$33,MIN(MATCH(LN(MIN(MAX(N22,50000),400000)),'4 Таблицы'!$B$33:$B$36,1),3)-1,0,1,15),1,MIN(MATCH(K22,'4 Таблицы'!$C$32:$Q$32,1),14))+(K22-INDEX('4 Таблицы'!$C$32:$Q$32,1,MIN(MATCH(K22,'4 Таблицы'!$C$32:$Q$32,1),14)))*(INDEX(OFFSET('4 Таблицы'!$C$33,MIN(MATCH(LN(MIN(MAX(N22,50000),400000)),'4 Таблицы'!$B$33:$B$36,1),3)-1,0,1,15),1,MIN(MATCH(K22,'4 Таблицы'!$C$32:$Q$32,1),14)+1)-INDEX(OFFSET('4 Таблицы'!$C$33,MIN(MATCH(LN(MIN(MAX(N22,50000),400000)),'4 Таблицы'!$B$33:$B$36,1),3)-1,0,1,15),1,MIN(MATCH(K22,'4 Таблицы'!$C$32:$Q$32,1),14)))/(INDEX('4 Таблицы'!$C$32:$Q$32,1,MIN(MATCH(K22,'4 Таблицы'!$C$32:$Q$32,1),14)+1)-INDEX('4 Таблицы'!$C$32:$Q$32,1,MIN(MATCH(K22,'4 Таблицы'!$C$32:$Q$32,1),14))))) -> 0.065267707
A23: 19 | B23: c2 | C23: teeP3 | D23: teeStraight | E23: 0.4 | G23: =$G$21 -> 2998.7509 | H23: =G23+I23 -> 4498.3003 | I23: =$G$24 -> 1499.5494 | L23: =E23 -> 0.4 | M23: =H23/3600/(PI()*L23^2/4) -> 9.9434268 | N23: =M23*L23/'1 Исходные'!$D$7 -> 264101.64 | P23: =1.55*(I23/H23)-(I23/H23)^2 -> 0.40557833 | Q23: ='1 Исходные'!$D$6*M23^2/2 -> 59.323042 | R23: =P23*Q23 -> 24.06014 | S23: 24.060141 | T23: =R23-S23 -> -9.7841788e-07 | U23: Тройник на слияние, проход. r = Q_б/Q_с (Q_б — боковой поток, колонка I). ζ = 1,55·r − r², к скорости в общем канале (d = d_с). | V23: Идельчик, 1992, диагр. 7-4, с. 346 [С] — сверено
A24: 20 | B24: post3 | C24: hood3 | D24: local | E24: 0.2 | G24: 1499.5494 | J24: 0.2 | L24: =E24 -> 0.2 | M24: =G24/3600/(PI()*L24^2/4) -> 13.258928 | N24: =M24*L24/'1 Исходные'!$D$7 -> 176081.38 | P24: =J24 -> 0.2 | Q24: ='1 Исходные'!$D$6*M24^2/2 -> 105.4795 | R24: =P24*Q24 -> 21.0959 | S24: 21.0959 | T24: =R24-S24 -> -2.0449057e-07 | U24: Вход через конический коллектор (раструб) α = 60°: ζ = 0,25 при l/D = 0,15 и 0,17 при l/D = 0,25 — принято 0,2 (параметр 1). Без раструба (острая кромка) — 0,5. | V24: Идельчик, 1992, диагр. 3-6, с. 127 [С] — сверено; геометрия [Д]
A25: 21 | B25: post3 | C25: branch3 | D25: duct | E25: 0.2 | F25: 6 | G25: =$G$24 -> 1499.5494 | L25: =E25 -> 0.2 | M25: =G25/3600/(PI()*L25^2/4) -> 13.258928 | N25: =M25*L25/'1 Исходные'!$D$7 -> 176081.38 | O25: =IF(N25<=2000,64/N25,IF(N25>=4000,0.11*('1 Исходные'!$D$10/E25+68/N25)^0.25,(1-(N25-2000)/2000)*64/2000+(N25-2000)/2000*0.11*('1 Исходные'!$D$10/E25+68/4000)^0.25)) -> 0.01897902 | P25: =O25*F25/E25 -> 0.56937061 | Q25: ='1 Исходные'!$D$6*M25^2/2 -> 105.4795 | R25: =P25*Q25 -> 60.056927 | S25: 60.056928 | T25: =R25-S25 -> -1.0648319e-06 | U25: Трение по длине: ζ = λ·l/d. λ: Re ≤ 2000 — 64/Re; Re ≥ 4000 — Альтшуль 0,11(kэ/d + 68/Re)^0,25; между — линейно (чтобы λ была непрерывной). | V25: Дарси–Вейсбах; Альтшуль А.Д., 1982 [С]
A26: 22 | B26: post3 | C26: bend90_3 | D26: bend | E26: 0.2 | G26: =$G$24 -> 1499.5494 | J26: 90 | K26: 1.5 | L26: =E26 -> 0.2 | M26: =G26/3600/(PI()*L26^2/4) -> 13.258928 | N26: =M26*L26/'1 Исходные'!$D$7 -> 176081.38 | O26: =IF(N26<=2000,64/N26,IF(N26>=4000,0.11*('1 Исходные'!$D$10/L26+68/N26)^0.25,(1-(N26-2000)/2000)*64/2000+(N26-2000)/2000*0.11*('1 Исходные'!$D$10/L26+68/4000)^0.25)) -> 0.01897902 | P26: =X26*W26*IF(J26>=180,1.4,INDEX('4 Таблицы'!$B$18:$B$28,MATCH(J26,'4 Таблицы'!$A$18:$A$28,1))+(J26-INDEX('4 Таблицы'!$A$18:$A$28,MATCH(J26,'4 Таблицы'!$A$18:$A$28,1)))*(INDEX('4 Таблицы'!$B$18:$B$28,MATCH(J26,'4 Таблицы'!$A$18:$A$28,1)+1)-INDEX('4 Таблицы'!$B$18:$B$28,MATCH(J26,'4 Таблицы'!$A$18:$A$28,1)))/(INDEX('4 Таблицы'!$A$18:$A$28,MATCH(J26,'4 Таблицы'!$A$18:$A$28,1)+1)-INDEX('4 Таблицы'!$A$18:$A$28,MATCH(J26,'4 Таблицы'!$A$18:$A$28,1))))*IF(K26<=1,0.21/K26^2.5,0.21/K26^0.5) -> 0.23943517 | Q26: ='1 Исходные'!$D$6*M26^2/2 -> 105.4795 | R26: =P26*Q26 -> 25.255502 | S26: 25.255502 | T26: =R26-S26 -> -2.8723661e-07 | U26: отвод 90°, R/D = 1,5. Стальной (шероховатый) воздуховод, п. 2 диагр. 6-1: ζ = k_Δ·k_Re·A₁·B₁. A₁ — по таблице (лист 4), B₁ = 0,21/(R/D)^2,5 при R/D ≤ 1, 0,21/(R/D)^0,5 при R/D > 1. k_Re = 1,3 − 0,29·ln(Re·10⁻⁵) при R/D > 0,7. k_Δ: Re 4·10⁴…2·10⁵ — λ_Δ/λ_гл (λ_гл = 1/(1,8 lg Re − 1,64)²), > 2·10⁵ — 1 + Δ̄·10³, сглажено по ln Re на границах [М]. Колонки W, X — k_Re, k_Δ. Параметр 1 = δ, °; 2 = R/D. | V26: Идельчик, 1992, диагр. 6-1, с. 277–278 [С] — сверено | W26: =IF(K26>0.7,1.3-0.29*LN(MAX(N26,10000)*0.00001),IF(K26>0.55,5.45/MAX(N26,10000)^0.131,1+4400/MAX(N26,10000))) -> 1.1359249 | X26: =IF(N26<=32000,1,IF(N26<50000,(1+MIN(1,MAX(0,LN(N26/32000)/LN(50000/32000)))*((O26*(1.8*LOG10(MAX(N26,4000))-1.64)^2)-1)),IF(N26<=160000,(O26*(1.8*LOG10(MAX(N26,4000))-1.64)^2),IF(N26<250000,((O26*(1.8*LOG10(MAX(N26,4000))-1.64)^2)+MIN(1,MAX(0,LN(N26/160000)/LN(250000/160000)))*((1+MIN('1 Исходные'!$D$10/L26,0.001)*1000)-(O26*(1.8*LOG10(MAX(N26,4000))-1.64)^2))),(1+MIN('1 Исходные'!$D$10/L26,0.001)*1000))))) -> 1.2293191
A27: 23 | B27: post3 | C27: bend45_3 | D27: bend | E27: 0.2 | G27: =$G$24 -> 1499.5494 | J27: 45 | K27: 1.5 | L27: =E27 -> 0.2 | M27: =G27/3600/(PI()*L27^2/4) -> 13.258928 | N27: =M27*L27/'1 Исходные'!$D$7 -> 176081.38 | O27: =IF(N27<=2000,64/N27,IF(N27>=4000,0.11*('1 Исходные'!$D$10/L27+68/N27)^0.25,(1-(N27-2000)/2000)*64/2000+(N27-2000)/2000*0.11*('1 Исходные'!$D$10/L27+68/4000)^0.25)) -> 0.01897902 | P27: =X27*W27*IF(J27>=180,1.4,INDEX('4 Таблицы'!$B$18:$B$28,MATCH(J27,'4 Таблицы'!$A$18:$A$28,1))+(J27-INDEX('4 Таблицы'!$A$18:$A$28,MATCH(J27,'4 Таблицы'!$A$18:$A$28,1)))*(INDEX('4 Таблицы'!$B$18:$B$28,MATCH(J27,'4 Таблицы'!$A$18:$A$28,1)+1)-INDEX('4 Таблицы'!$B$18:$B$28,MATCH(J27,'4 Таблицы'!$A$18:$A$28,1)))/(INDEX('4 Таблицы'!$A$18:$A$28,MATCH(J27,'4 Таблицы'!$A$18:$A$28,1)+1)-INDEX('4 Таблицы'!$A$18:$A$28,MATCH(J27,'4 Таблицы'!$A$18:$A$28,1))))*IF(K27<=1,0.21/K27^2.5,0.21/K27^0.5) -> 0.1436611 | Q27: ='1 Исходные'!$D$6*M27^2/2 -> 105.4795 | R27: =P27*Q27 -> 15.153301 | S27: 15.153301 | T27: =R27-S27 -> 2.7658031e-08 | U27: отвод 45°, R/D = 1,5. Стальной (шероховатый) воздуховод, п. 2 диагр. 6-1: ζ = k_Δ·k_Re·A₁·B₁. A₁ — по таблице (лист 4), B₁ = 0,21/(R/D)^2,5 при R/D ≤ 1, 0,21/(R/D)^0,5 при R/D > 1. k_Re = 1,3 − 0,29·ln(Re·10⁻⁵) при R/D > 0,7. k_Δ: Re 4·10⁴…2·10⁵ — λ_Δ/λ_гл (λ_гл = 1/(1,8 lg Re − 1,64)²), > 2·10⁵ — 1 + Δ̄·10³, сглажено по ln Re на границах [М]. Колонки W, X — k_Re, k_Δ. Параметр 1 = δ, °; 2 = R/D. | V27: Идельчик, 1992, диагр. 6-1, с. 277–278 [С] — сверено | W27: =IF(K27>0.7,1.3-0.29*LN(MAX(N27,10000)*0.00001),IF(K27>0.55,5.45/MAX(N27,10000)^0.131,1+4400/MAX(N27,10000))) -> 1.1359249 | X27: =IF(N27<=32000,1,IF(N27<50000,(1+MIN(1,MAX(0,LN(N27/32000)/LN(50000/32000)))*((O27*(1.8*LOG10(MAX(N27,4000))-1.64)^2)-1)),IF(N27<=160000,(O27*(1.8*LOG10(MAX(N27,4000))-1.64)^2),IF(N27<250000,((O27*(1.8*LOG10(MAX(N27,4000))-1.64)^2)+MIN(1,MAX(0,LN(N27/160000)/LN(250000/160000)))*((1+MIN('1 Исходные'!$D$10/L27,0.001)*1000)-(O27*(1.8*LOG10(MAX(N27,4000))-1.64)^2))),(1+MIN('1 Исходные'!$D$10/L27,0.001)*1000))))) -> 1.2293191
A28: 24 | B28: post3 | C28: damper3 | D28: damper | E28: 0.2 | G28: =$G$24 -> 1499.5494 | J28: 7.990537 | L28: =E28 -> 0.2 | M28: =G28/3600/(PI()*L28^2/4) -> 13.258928 | N28: =M28*L28/'1 Исходные'!$D$7 -> 176081.38 | P28: =IF(J28>=90,10000,EXP(LN(INDEX('4 Таблицы'!$B$5:$B$13,MATCH(J28,'4 Таблицы'!$A$5:$A$13,1)))+(J28-INDEX('4 Таблицы'!$A$5:$A$13,MATCH(J28,'4 Таблицы'!$A$5:$A$13,1)))/(INDEX('4 Таблицы'!$A$5:$A$13,MATCH(J28,'4 Таблицы'!$A$5:$A$13,1)+1)-INDEX('4 Таблицы'!$A$5:$A$13,MATCH(J28,'4 Таблицы'!$A$5:$A$13,1)))*(LN(INDEX('4 Таблицы'!$B$5:$B$13,MATCH(J28,'4 Таблицы'!$A$5:$A$13,1)+1))-LN(INDEX('4 Таблицы'!$B$5:$B$13,MATCH(J28,'4 Таблицы'!$A$5:$A$13,1)))))) -> 0.42915679 | Q28: ='1 Исходные'!$D$6*M28^2/2 -> 105.4795 | R28: =P28*Q28 -> 45.267243 | S28: 45.267243 | T28: =R28-S28 -> -1.6664789e-07 | U28: Дроссель-клапан: ζ(α) по таблице листа «4 Таблицы» с интерполяцией по ln ζ. Параметр 1 = угол α, °. | V28: Идельчик, 1992, диагр. 9-17, кривая 2 [С] — сверено
A29: 25 | B29: post3 | C29: tee3 | D29: teeSide | E29: 0.2 | G29: =$G$24 -> 1499.5494 | H29: =$G$30 -> 4498.3003 | J29: 0.4 | L29: =J29 -> 0.4 | M29: =H29/3600/(PI()*L29^2/4) -> 9.9434268 | N29: =M29*L29/'1 Исходные'!$D$7 -> 264101.64 | P29: =IF((E29/J29)^2<=0.35,1,MAX(0.9*(1-(G29/H29)),0.55))*(1+((G29/H29)*(J29/E29)^2)^2-2*(1-(G29/H29))^2) -> 1.8892326 | Q29: ='1 Исходные'!$D$6*M29^2/2 -> 59.323042 | R29: =P29*Q29 -> 112.07503 | S29: 112.07503 | T29: =R29-S29 -> -1.7458167e-06 | U29: Тройник на слияние, боковой вход. r = Q_б/Q_с. ζ = A·[1 + (r·F_с/F_б)² − 2(1 − r)²], к скорости в общем канале d_с (параметр 1). A: F_б/F_с ≤ 0,35 → 1; иначе max(0,9(1 − r); 0,55). Может быть < 0 (эжекция) — это физика. | V29: Идельчик, 1992, диагр. 7-4, с. 346; A — табл. 7-1, с. 335 [С] — сверено
A30: 26 | B30: c3 | C30: c3 | D30: duct | E30: 0.4 | F30: 10 | G30: =$G$21+$G$24 -> 4498.3003 | L30: =E30 -> 0.4 | M30: =G30/3600/(PI()*L30^2/4) -> 9.9434268 | N30: =M30*L30/'1 Исходные'!$D$7 -> 264101.64 | O30: =IF(N30<=2000,64/N30,IF(N30>=4000,0.11*('1 Исходные'!$D$10/E30+68/N30)^0.25,(1-(N30-2000)/2000)*64/2000+(N30-2000)/2000*0.11*('1 Исходные'!$D$10/E30+68/4000)^0.25)) -> 0.016509986 | P30: =O30*F30/E30 -> 0.41274964 | Q30: ='1 Исходные'!$D$6*M30^2/2 -> 59.323042 | R30: =P30*Q30 -> 24.485564 | S30: 24.485565 | T30: =R30-S30 -> -7.7950567e-07 | U30: Трение по длине: ζ = λ·l/d. λ: Re ≤ 2000 — 64/Re; Re ≥ 4000 — Альтшуль 0,11(kэ/d + 68/Re)^0,25; между — линейно (чтобы λ была непрерывной). | V30: Дарси–Вейсбах; Альтшуль А.Д., 1982 [С]
A31: 27 | B31: c3 | C31: bend_main | D31: bend | E31: 0.4 | G31: =$G$30 -> 4498.3003 | J31: 90 | K31: 1.5 | L31: =E31 -> 0.4 | M31: =G31/3600/(PI()*L31^2/4) -> 9.9434268 | N31: =M31*L31/'1 Исходные'!$D$7 -> 264101.64 | O31: =IF(N31<=2000,64/N31,IF(N31>=4000,0.11*('1 Исходные'!$D$10/L31+68/N31)^0.25,(1-(N31-2000)/2000)*64/2000+(N31-2000)/2000*0.11*('1 Исходные'!$D$10/L31+68/4000)^0.25)) -> 0.016509986 | P31: =X31*W31*IF(J31>=180,1.4,INDEX('4 Таблицы'!$B$18:$B$28,MATCH(J31,'4 Таблицы'!$A$18:$A$28,1))+(J31-INDEX('4 Таблицы'!$A$18:$A$28,MATCH(J31,'4 Таблицы'!$A$18:$A$28,1)))*(INDEX('4 Таблицы'!$B$18:$B$28,MATCH(J31,'4 Таблицы'!$A$18:$A$28,1)+1)-INDEX('4 Таблицы'!$B$18:$B$28,MATCH(J31,'4 Таблицы'!$A$18:$A$28,1)))/(INDEX('4 Таблицы'!$A$18:$A$28,MATCH(J31,'4 Таблицы'!$A$18:$A$28,1)+1)-INDEX('4 Таблицы'!$A$18:$A$28,MATCH(J31,'4 Таблицы'!$A$18:$A$28,1))))*IF(K31<=1,0.21/K31^2.5,0.21/K31^0.5) -> 0.21826599 | Q31: ='1 Исходные'!$D$6*M31^2/2 -> 59.323042 | R31: =P31*Q31 -> 12.948202 | S31: 12.948203 | T31: =R31-S31 -> -5.592291e-07 | U31: отвод 90° к фильтру. Стальной (шероховатый) воздуховод, п. 2 диагр. 6-1: ζ = k_Δ·k_Re·A₁·B₁. A₁ — по таблице (лист 4), B₁ = 0,21/(R/D)^2,5 при R/D ≤ 1, 0,21/(R/D)^0,5 при R/D > 1. k_Re = 1,3 − 0,29·ln(Re·10⁻⁵) при R/D > 0,7. k_Δ: Re 4·10⁴…2·10⁵ — λ_Δ/λ_гл (λ_гл = 1/(1,8 lg Re − 1,64)²), > 2·10⁵ — 1 + Δ̄·10³, сглажено по ln Re на границах [М]. Колонки W, X — k_Re, k_Δ. Параметр 1 = δ, °; 2 = R/D. | V31: Идельчик, 1992, диагр. 6-1, с. 277–278 [С] — сверено | W31: =IF(K31>0.7,1.3-0.29*LN(MAX(N31,10000)*0.00001),IF(K31>0.55,5.45/MAX(N31,10000)^0.131,1+4400/MAX(N31,10000))) -> 1.0183625 | X31: =IF(N31<=32000,1,IF(N31<50000,(1+MIN(1,MAX(0,LN(N31/32000)/LN(50000/32000)))*((O31*(1.8*LOG10(MAX(N31,4000))-1.64)^2)-1)),IF(N31<=160000,(O31*(1.8*LOG10(MAX(N31,4000))-1.64)^2),IF(N31<250000,((O31*(1.8*LOG10(MAX(N31,4000))-1.64)^2)+MIN(1,MAX(0,LN(N31/160000)/LN(250000/160000)))*((1+MIN('1 Исходные'!$D$10/L31,0.001)*1000)-(O31*(1.8*LOG10(MAX(N31,4000))-1.64)^2))),(1+MIN('1 Исходные'!$D$10/L31,0.001)*1000))))) -> 1.25
A32: 28 | B32: common | C32: filter | D32: filter | G32: =$G$30 -> 4498.3003 | J32: 400 | K32: 4500 | R32: =J32*(G32/K32) -> 399.84892 | S32: 399.84892 | T32: =R32-S32 -> -5.4444445e-06 | U32: Фильтр: Δp = Δp_ном·(Q/Q_ном)^m, m = 1 (закон Дарси для фильтровальной перегородки). Параметр 1 = Δp_ном, Па; параметр 2 = Q_ном, м³/ч. Чистый фильтр (k_загр = 1). | V32: Ужов В.Н., Мягков Б.И., 1970 [С]; Δp_ном — паспорт [Д]
A33: 29 | B33: common | C33: discharge | D33: duct | E33: 0.4 | F33: 5 | G33: =$G$32 -> 4498.3003 | L33: =E33 -> 0.4 | M33: =G33/3600/(PI()*L33^2/4) -> 9.9434268 | N33: =M33*L33/'1 Исходные'!$D$7 -> 264101.64 | O33: =IF(N33<=2000,64/N33,IF(N33>=4000,0.11*('1 Исходные'!$D$10/E33+68/N33)^0.25,(1-(N33-2000)/2000)*64/2000+(N33-2000)/2000*0.11*('1 Исходные'!$D$10/E33+68/4000)^0.25)) -> 0.016509986 | P33: =O33*F33/E33 -> 0.20637482 | Q33: ='1 Исходные'!$D$6*M33^2/2 -> 59.323042 | R33: =P33*Q33 -> 12.242782 | S33: 12.242782 | T33: =R33-S33 -> 1.1024717e-07 | U33: Трение по длине: ζ = λ·l/d. λ: Re ≤ 2000 — 64/Re; Re ≥ 4000 — Альтшуль 0,11(kэ/d + 68/Re)^0,25; между — линейно (чтобы λ была непрерывной). | V33: Дарси–Вейсбах; Альтшуль А.Д., 1982 [С]
A34: 30 | B34: common | C34: bend_out | D34: bend | E34: 0.4 | G34: =$G$32 -> 4498.3003 | J34: 90 | K34: 1.5 | L34: =E34 -> 0.4 | M34: =G34/3600/(PI()*L34^2/4) -> 9.9434268 | N34: =M34*L34/'1 Исходные'!$D$7 -> 264101.64 | O34: =IF(N34<=2000,64/N34,IF(N34>=4000,0.11*('1 Исходные'!$D$10/L34+68/N34)^0.25,(1-(N34-2000)/2000)*64/2000+(N34-2000)/2000*0.11*('1 Исходные'!$D$10/L34+68/4000)^0.25)) -> 0.016509986 | P34: =X34*W34*IF(J34>=180,1.4,INDEX('4 Таблицы'!$B$18:$B$28,MATCH(J34,'4 Таблицы'!$A$18:$A$28,1))+(J34-INDEX('4 Таблицы'!$A$18:$A$28,MATCH(J34,'4 Таблицы'!$A$18:$A$28,1)))*(INDEX('4 Таблицы'!$B$18:$B$28,MATCH(J34,'4 Таблицы'!$A$18:$A$28,1)+1)-INDEX('4 Таблицы'!$B$18:$B$28,MATCH(J34,'4 Таблицы'!$A$18:$A$28,1)))/(INDEX('4 Таблицы'!$A$18:$A$28,MATCH(J34,'4 Таблицы'!$A$18:$A$28,1)+1)-INDEX('4 Таблицы'!$A$18:$A$28,MATCH(J34,'4 Таблицы'!$A$18:$A$28,1))))*IF(K34<=1,0.21/K34^2.5,0.21/K34^0.5) -> 0.21826599 | Q34: ='1 Исходные'!$D$6*M34^2/2 -> 59.323042 | R34: =P34*Q34 -> 12.948202 | S34: 12.948203 | T34: =R34-S34 -> -5.592291e-07 | U34: отвод 90°. Стальной (шероховатый) воздуховод, п. 2 диагр. 6-1: ζ = k_Δ·k_Re·A₁·B₁. A₁ — по таблице (лист 4), B₁ = 0,21/(R/D)^2,5 при R/D ≤ 1, 0,21/(R/D)^0,5 при R/D > 1. k_Re = 1,3 − 0,29·ln(Re·10⁻⁵) при R/D > 0,7. k_Δ: Re 4·10⁴…2·10⁵ — λ_Δ/λ_гл (λ_гл = 1/(1,8 lg Re − 1,64)²), > 2·10⁵ — 1 + Δ̄·10³, сглажено по ln Re на границах [М]. Колонки W, X — k_Re, k_Δ. Параметр 1 = δ, °; 2 = R/D. | V34: Идельчик, 1992, диагр. 6-1, с. 277–278 [С] — сверено | W34: =IF(K34>0.7,1.3-0.29*LN(MAX(N34,10000)*0.00001),IF(K34>0.55,5.45/MAX(N34,10000)^0.131,1+4400/MAX(N34,10000))) -> 1.0183625 | X34: =IF(N34<=32000,1,IF(N34<50000,(1+MIN(1,MAX(0,LN(N34/32000)/LN(50000/32000)))*((O34*(1.8*LOG10(MAX(N34,4000))-1.64)^2)-1)),IF(N34<=160000,(O34*(1.8*LOG10(MAX(N34,4000))-1.64)^2),IF(N34<250000,((O34*(1.8*LOG10(MAX(N34,4000))-1.64)^2)+MIN(1,MAX(0,LN(N34/160000)/LN(250000/160000)))*((1+MIN('1 Исходные'!$D$10/L34,0.001)*1000)-(O34*(1.8*LOG10(MAX(N34,4000))-1.64)^2))),(1+MIN('1 Исходные'!$D$10/L34,0.001)*1000))))) -> 1.25
A35: 31 | B35: common | C35: exit | D35: local | E35: 0.4 | G35: =$G$32 -> 4498.3003 | J35: 1 | L35: =E35 -> 0.4 | M35: =G35/3600/(PI()*L35^2/4) -> 9.9434268 | N35: =M35*L35/'1 Исходные'!$D$7 -> 264101.64 | P35: =J35 -> 1 | Q35: ='1 Исходные'!$D$6*M35^2/2 -> 59.323042 | R35: =P35*Q35 -> 59.323042 | S35: 59.323043 | T35: =R35-S35 -> -1.3064326e-06 | U35: Выход в атмосферу: теряется вся скорость, ζ = 1 (параметр 1). | V35: Идельчик, 1992 [С]
B37: Суммы потерь по участкам и путям
B38: Участок / путь | R38: Σ Δp, Па (Excel) | S38: Σ Δp, Па (ядро) | T38: Разница | U38: Пояснение
B39: post1 | R39: =SUMIF($B$5:$B$35,B39,$R$5:$R$35) -> 178.40912 | S39: =SUMIF($B$5:$B$35,B39,$S$5:$S$35) -> 178.40912 | T39: =R39-S39 -> -2.3176308e-06
B40: c1 | R40: =SUMIF($B$5:$B$35,B40,$R$5:$R$35) -> 54.698984 | S40: =SUMIF($B$5:$B$35,B40,$S$5:$S$35) -> 54.698985 | T40: =R40-S40 -> -1.2208177e-06
B41: post2 | R41: =SUMIF($B$5:$B$35,B41,$R$5:$R$35) -> 233.1081 | S41: =SUMIF($B$5:$B$35,B41,$S$5:$S$35) -> 233.10811 | T41: =R41-S41 -> -8.2050639e-06
B42: c2 | R42: =SUMIF($B$5:$B$35,B42,$R$5:$R$35) -> 45.795791 | S42: =SUMIF($B$5:$B$35,B42,$S$5:$S$35) -> 45.795793 | T42: =R42-S42 -> -2.059779e-06
B43: post3 | R43: =SUMIF($B$5:$B$35,B43,$R$5:$R$35) -> 278.9039 | S43: =SUMIF($B$5:$B$35,B43,$S$5:$S$35) -> 278.9039 | T43: =R43-S43 -> -3.4413657e-06
B44: c3 | R44: =SUMIF($B$5:$B$35,B44,$R$5:$R$35) -> 37.433767 | S44: =SUMIF($B$5:$B$35,B44,$S$5:$S$35) -> 37.433768 | T44: =R44-S44 -> -1.3387348e-06
B45: common | R45: =SUMIF($B$5:$B$35,B45,$R$5:$R$35) -> 484.36294 | S45: =SUMIF($B$5:$B$35,B45,$S$5:$S$35) -> 484.36295 | T45: =R45-S45 -> -7.199859e-06
B47: Путь post1 → вентилятор + общий тракт | R47: =R39+R40+R42+R44+R45 -> 800.70061 | U47: Полные потери от входа в зонт поста до выброса. По закону сохранения энергии = давлению вентилятора (сверка на листе 6). Если у разных постов суммы разные — расходы не являются решением сети.
B48: Путь post2 → вентилятор + общий тракт | R48: =R41+R42+R44+R45 -> 800.7006 | U48: Полные потери от входа в зонт поста до выброса. По закону сохранения энергии = давлению вентилятора (сверка на листе 6). Если у разных постов суммы разные — расходы не являются решением сети.
B49: Путь post3 → вентилятор + общий тракт | R49: =R43+R44+R45 -> 800.70061 | U49: Полные потери от входа в зонт поста до выброса. По закону сохранения энергии = давлению вентилятора (сверка на листе 6). Если у разных постов суммы разные — расходы не являются решением сети.
B51: Наибольшее расхождение по элементу, Па: | R51: =MAX(ABS(MAX(T5:T35)),ABS(MIN(T5:T35))) -> 5.4444445e-06
B52: Наименьшая скорость в воздуховодах, м/с (норма ≥ 8): | R52: =MIN(M5:M35) -> 8.4842634

Sheet 6 Вентилятор
A1: Вентилятор: давление, мощность, КПД привода
A2: Давление вентилятора при частоте n — по каталожной характеристике (при n₀) и законам подобия: Q ~ n, p ~ n². Мощность на валу N = Q·p/η. Электрическая мощность — с учётом КПД двигателя и частотника.
A4: № | B4: Величина | C4: Обозн. | D4: Значение | E4: Ед. | F4: Формула (как в книге) | G4: Простыми словами — что это и зачем | H4: Источник / статус
A5: Характеристика вентилятора при n₀ (демо [Д] — заменить каталогом)
B6: Q₀, м³/ч | C6: p₀, Па
B7: 0 | C7: 1400
B8: 2000 | C8: 1300
B9: 4000 | C9: 1050
B10: 5000 | C10: 850
B11: 6000 | C11: 550
B12: 7000 | C12: 150
A14: 1 | B14: Частота каталожной характеристики | C14: n₀ | D14: 1500 | E14: об/мин | H14: каталог [Д]
A15: 2 | B15: Частота после пусконаладки | C15: n | D15: 1416.7969 | E15: об/мин | G15: Минимальная частота, при которой все посты получают 1500 м³/ч (подобрано ядром, balance.ts). | H15: ядро
A16: 3 | B16: Общий расход | C16: Q | D16: ='5 Потери'!$G$32 -> 4498.3003 | E16: м³/ч | F16: Q = ΣQ_пост | H16: лист 5
A17: 4 | B17: Отношение частот | C17: k | D17: ='6 Вентилятор'!$D$15/'6 Вентилятор'!$D$14 -> 0.94453125 | E17: — | F17: k = n/n₀
A18: 5 | B18: Расход, приведённый к n₀ | C18: Q₀ | D18: ='6 Вентилятор'!$D$16/'6 Вентилятор'!$D$17 -> 4762.4685 | E18: м³/ч | F18: Q₀ = Q/k | G18: По закону подобия расход пропорционален частоте. | H18: ГОСТ 10921-2017, разд. 14 [Н]
A19: 6 | B19: Давление по характеристике при n₀ | C19: p₀ | D19: =INDEX('6 Вентилятор'!$C$7:$C$12,MATCH('6 Вентилятор'!$D$18,'6 Вентилятор'!$B$7:$B$12,1))+('6 Вентилятор'!$D$18-INDEX('6 Вентилятор'!$B$7:$B$12,MATCH('6 Вентилятор'!$D$18,'6 Вентилятор'!$B$7:$B$12,1)))*(INDEX('6 Вентилятор'!$C$7:$C$12,MATCH('6 Вентилятор'!$D$18,'6 Вентилятор'!$B$7:$B$12,1)+1)-INDEX('6 Вентилятор'!$C$7:$C$12,MATCH('6 Вентилятор'!$D$18,'6 Вентилятор'!$B$7:$B$12,1)))/(INDEX('6 Вентилятор'!$B$7:$B$12,MATCH('6 Вентилятор'!$D$18,'6 Вентилятор'!$B$7:$B$12,1)+1)-INDEX('6 Вентилятор'!$B$7:$B$12,MATCH('6 Вентилятор'!$D$18,'6 Вентилятор'!$B$7:$B$12,1))) -> 897.50631 | E19: Па | F19: линейная интерполяция по таблице
A20: 7 | B20: Давление вентилятора при n | C20: p | D20: ='6 Вентилятор'!$D$19*'6 Вентилятор'!$D$17^2 -> 800.70063 | E20: Па | F20: p = p₀·k² | G20: Давление пропорционально квадрату частоты. | H20: ГОСТ 10921-2017, разд. 14 [Н]
A21: Проверка баланса: давление вентилятора = потери по пути каждого поста
A22: 8 | B22: Путь поста 1 − давление вентилятора | D22: ='5 Потери'!$R$47-'6 Вентилятор'!$D$20 -> -2.5209087e-05 | E22: Па | F22: Σ Δp − p | G22: Должно быть ≈ 0 (± 0,01 Па): расходы — действительно решение сети. | H22: закон сохранения энергии
A23: 9 | B23: Путь поста 2 − давление вентилятора | D23: ='5 Потери'!$R$48-'6 Вентилятор'!$D$20 -> -2.8875703e-05 | E23: Па
A24: 10 | B24: Путь поста 3 − давление вентилятора | D24: ='5 Потери'!$R$49-'6 Вентилятор'!$D$20 -> -2.4052225e-05 | E24: Па
A25: Мощность
A26: 11 | B26: КПД вентилятора | C26: η_в | D26: 0.65 | E26: — | G26: Принят постоянным [Д] — уточнить по каталогу. | H26: [Д]
A27: 12 | B27: Мощность на валу | C27: N | D27: ='6 Вентилятор'!$D$16/3600*'6 Вентилятор'!$D$20/'6 Вентилятор'!$D$26 -> 1539.2273 | E27: Вт | F27: N = Q·p/η_в | H27: Калинушкин М.П., 1979 [С]
A28: 13 | B28: Номинальная мощность двигателя | C28: P_н | D28: 2200 | E28: Вт | H28: демо [Д]
A29: 14 | B29: Номинальный КПД двигателя (IE3, 4 полюса, 2,2 кВт) | C29: η_н | D29: 0.867 | E29: — | H29: ГОСТ IEC 60034-30-1-2016, табл. 1 [Н]
A30: 15 | B30: Загрузка двигателя | C30: β | D30: ='6 Вентилятор'!$D$27/'6 Вентилятор'!$D$28 -> 0.69964877 | E30: — | F30: β = N/P_н
A31: 16 | B31: Отношение постоянных потерь к переменным | C31: k_п | D31: 0.5 | E31: — | G31: Постоянные потери (сталь, трение) не зависят от нагрузки, переменные (медь) ~ β². | H31: Копылов И.П. Электрические машины [С][П]
A32: 17 | B32: КПД двигателя при загрузке β | C32: η_дв | D32: ='6 Вентилятор'!$D$30/('6 Вентилятор'!$D$30+(1/'6 Вентилятор'!$D$29-1)*('6 Вентилятор'!$D$31+'6 Вентилятор'!$D$30^2)/(1+'6 Вентилятор'!$D$31)) -> 0.87363909 | E32: — | F32: η = β/(β + ΣP(β)), ΣP = ΣP_н·(k + β²)/(1 + k) | G32: При недогрузке КПД двигателя падает. | H32: Копылов [С]
A33: 18 | B33: КПД частотника при загрузке β | C33: η_ПЧ | D33: =IF('6 Вентилятор'!$D$30<=0.016,0.35,IF('6 Вентилятор'!$D$30>=1,0.95,INDEX('6 Вентилятор'!$C$36:$I$36,MATCH('6 Вентилятор'!$D$30,'6 Вентилятор'!$C$35:$I$35,1))+('6 Вентилятор'!$D$30-INDEX('6 Вентилятор'!$C$35:$I$35,MATCH('6 Вентилятор'!$D$30,'6 Вентилятор'!$C$35:$I$35,1)))*(INDEX('6 Вентилятор'!$C$36:$I$36,MATCH('6 Вентилятор'!$D$30,'6 Вентилятор'!$C$35:$I$35,1)+1)-INDEX('6 Вентилятор'!$C$36:$I$36,MATCH('6 Вентилятор'!$D$30,'6 Вентилятор'!$C$35:$I$35,1)))/(INDEX('6 Вентилятор'!$C$35:$I$35,MATCH('6 Вентилятор'!$D$30,'6 Вентилятор'!$C$35:$I$35,1)+1)-INDEX('6 Вентилятор'!$C$35:$I$35,MATCH('6 Вентилятор'!$D$30,'6 Вентилятор'!$C$35:$I$35,1))))) -> 0.9359719 | E33: — | F33: интерполяция таблицы | G33: Российского числового норматива нет (метод — ГОСТ IEC 61800-9-2-2021); до паспорта ПЧ — типовые значения US DOE (зарубежный справочный). | H33: [Д]
B35: Таблица КПД ПЧ: β → | C35: 0.016 | D35: 0.125 | E35: 0.25 | F35: 0.42 | G35: 0.5 | H35: 0.75 | I35: 1
C36: 0.35 | D36: 0.8 | E36: 0.88 | F36: 0.91 | G36: 0.92 | H36: 0.94 | I36: 0.95
A38: 19 | B38: Электрическая мощность из сети | C38: P_эл | D38: ='6 Вентилятор'!$D$27/('6 Вентилятор'!$D$32*'6 Вентилятор'!$D$33) -> 1882.3826 | E38: Вт | F38: P_эл = N/(η_дв·η_ПЧ) | G38: Это то, что покажет счётчик.

Sheet 7 Тепло
A1: Тепло на нагрев приточного воздуха
A2: Весь воздух, удалённый из цеха (местные отсосы + общеобменная), замещается наружным, который надо нагреть до t_в. Q = ρ·c·L·(t_в − t_н).
A4: № | B4: Величина | C4: Обозн. | D4: Значение | E4: Ед. | F4: Формула (как в книге) | G4: Простыми словами — что это и зачем | H4: Источник / статус
A5: 1 | B5: Разность температур | C5: Δt | D5: ='1 Исходные'!$D$31-'1 Исходные'!$D$32 -> 19.7 | E5: °C | F5: Δt = t_в − t_оп | H5: СанПиН, СП 131.13330.2025
A6: Стандарт (без регулирования): заслонки зажаты на углах наладки, вентилятор на номинальных оборотах — местные отсосы тянут 4500 м³/ч всю смену, общеобменная постоянная
A7: 2 | B7: Весь удаляемый воздух | C7: L | D7: ='3 СП 60'!$D$6+'3 СП 60'!$D$11 -> 12601.449 | E7: м³/ч | F7: L = L_wz + L_оо | G7: Равно L по СП 60 (лист 3). | H7: лист 3
A8: 3 | B8: Тепловая мощность | C8: Φ | D8: ='1 Исходные'!$D$6*'1 Исходные'!$D$8*'7 Тепло'!$D$7/3600*'7 Тепло'!$D$5 -> 83.16326 | E8: кВт | F8: Φ = ρ·c·L·Δt/3600 | G8: Сколько киловатт тепла идёт на подогрев притока. | H8: Богословский В.Н. и др. Отопление и вентиляция, 1976 [С]
A9: 4 | B9: Тепло за смену | C9: Q_см | D9: ='7 Тепло'!$D$8*'1 Исходные'!$D$34 -> 665.30608 | E9: кВт·ч | F9: Q = Φ·t_см | G9: Сверка с ядром: стандарт, лист 9.
A10: 5 | B10: Тепло за отопительный период (1 смена/сут) | C10: Q_оп | D10: ='7 Тепло'!$D$9*'1 Исходные'!$D$33/1000 -> 134.39183 | E10: МВт·ч | F10: Q_см·z_оп
A11: 6 | B11: То же в гигакалориях | D11: ='7 Тепло'!$D$10/1.163 -> 115.55617 | E11: Гкал | F11: 1 Гкал = 1,163 МВт·ч | G11: В Гкал выставляют счёт за тепло.
A12: Сколько стоил бы «двойной учёт» воздуха отсосов (ошибка до 11.10.2026)
A13: 7 | B13: Лишнее тепло за смену | C13: ΔQ | D13: ='1 Исходные'!$D$6*'1 Исходные'!$D$8*'3 СП 60'!$D$15/3600*'7 Тепло'!$D$5*'1 Исходные'!$D$34 -> 237.582 | E13: кВт·ч | G13: Столько тепла «лишнего» закладывал старый расчёт.
A14: С регулированием: средние за смену расходы из динамического расчёта (оранжевые — из ядра), тепло — формулой
A15: 8 | B15: Общеобменная, средняя за смену | C15: L̄_оо | D15: 8101.7299 | E15: м³/ч | G15: Постоянная общеобменная 8101 м³/ч (среднее чуть больше из-за пуска в первые секунды). | H15: ядро (sim.ts)
A16: 9 | B16: Местные отсосы, средний расход: «открыто/закрыто» + ПЧ (для справки) | C16: L̄_мо | D16: 1872.0161 | E16: м³/ч | G16: Посты варят часть смены; когда пост не варит, заслонка закрыта. | H16: ядро (sim.ts)
A17: 10 | B17: Местные отсосы, средний расход: предлагаемая система | C17: L̄_мо | D17: 1727.4897 | E17: м³/ч | G17: Меньше, чем у «открыто/закрыто», потому что нет перерасхода сверх 1500 м³/ч. | H17: ядро (sim.ts)
A18: 11 | B18: Тепло за смену: «открыто/закрыто» + ПЧ (для справки) | C18: Q_см | D18: ='1 Исходные'!$D$6*'1 Исходные'!$D$8*('7 Тепло'!$D$15+'7 Тепло'!$D$16)/3600*'7 Тепло'!$D$5*'1 Исходные'!$D$34 -> 526.5739 | E18: кВт·ч | F18: Q = ρ·c·(L̄_оо + L̄_мо)·Δt·t_см/3600 | G18: Тепло пропорционально среднему расходу удаляемого воздуха. | H18: тот же метод
A19: 12 | B19: Тепло за смену: предлагаемая система | C19: Q_см | D19: ='1 Исходные'!$D$6*'1 Исходные'!$D$8*('7 Тепло'!$D$15+'7 Тепло'!$D$17)/3600*'7 Тепло'!$D$5*'1 Исходные'!$D$34 -> 518.94348 | E19: кВт·ч | F19: то же
A20: Электроэнергия вентилятора местной вытяжки за смену
A21: 13 | B21: Стандарт: номинальная частота вентилятора | C21: n_ном | D21: 1462.1027 | E21: об/мин | F21: p(Q_треб, n_ном) = 1,1·p_треб | G21: Вентилятор подобран с запасом 10 % по давлению и всю смену крутится на номинальных оборотах (демо-характеристика пересчитана по законам подобия, лист 6). | H21: ядро (scenario.ts)
A22: 14 | B22: Стандарт: давление вентилятора (заслонки на углах наладки) | C22: p | D22: 880.78728 | E22: Па | G22: Лишние 10 % давления гасятся заслонками всех постов (углы — лист 10, раздел А2). | H22: ядро
A23: 15 | B23: Стандарт: электрическая мощность вентилятора | C23: P_эл | D23: 2060.948 | E23: Вт | G23: С КПД двигателя; частотника нет. | H23: ядро
A24: 16 | B24: Стандарт (без регулирования), энергия за смену | C24: E | D24: ='7 Тепло'!$D$23*'1 Исходные'!$D$34/1000 -> 16.487584 | E24: кВт·ч | F24: E = P_эл·t_см | G24: Мощность постоянна всю смену. В ядре чуть меньше — первые 10 с идёт разгон. | H24: ядро
B25: С регулированием мощность меняется каждую секунду (посты включаются и выключаются), энергия = Σ P_эл(tᵢ)·Δt по 28 800 шагам — только в ядре: предлагаемая 4,97 кВт·ч, «открыто/закрыто» + ПЧ (для справки) 5,39 кВт·ч (лист 9),

Sheet 8 Сверка
A1: Сверка: Excel против расчётного ядра
A2: Ядро — программа vent-sim (TypeScript); значения выгружены export_engine.ts в engine.json. Зелёный — расхождение < 0,1 %.
A4: Величина | B4: Excel | C4: Ядро | D4: Относит. разница | E4: Итог
A5: Коэффициент расплавления α_р, г/(А·ч), 225 А | B5: ='2 Выделения'!$D$6 -> 9.7765625 | C5: 9.7765625 | D5: =ABS(B5-C5)/ABS(C5) -> 0 | E5: =IF(D5<0.001,"ОК","ПРОВЕРИТЬ") -> ОК
A6: Расход проволоки B, кг/ч, 225 А | B6: ='2 Выделения'!$D$7 -> 2.1997266 | C6: 2.1997266 | D6: =ABS(B6-C6)/ABS(C6) -> 0 | E6: =IF(D6<0.001,"ОК","ПРОВЕРИТЬ") -> ОК
A7: Весь воздухообмен L по СП 60, м³/ч (3 поста, 225 А) | B7: ='3 СП 60'!$D$10 -> 12601.449 | C7: 12601.449 | D7: =ABS(B7-C7)/ABS(C7) -> 0 | E7: =IF(D7<0.001,"ОК","ПРОВЕРИТЬ") -> ОК
A8: Общеобменная L_оо = L − L_wz, м³/ч | B8: ='3 СП 60'!$D$11 -> 8101.4486 | C8: 8101.4486 | D8: =ABS(B8-C8)/ABS(C8) -> 0 | E8: =IF(D8<0.001,"ОК","ПРОВЕРИТЬ") -> ОК
A9: Расход вентилятора, м³/ч | B9: ='6 Вентилятор'!$D$16 -> 4498.3003 | C9: 4498.3004 | D9: =ABS(B9-C9)/ABS(C9) -> 1.2871209e-08 | E9: =IF(D9<0.001,"ОК","ПРОВЕРИТЬ") -> ОК
A10: Давление вентилятора, Па | B10: ='6 Вентилятор'!$D$20 -> 800.70063 | C10: 800.70062 | D10: =ABS(B10-C10)/ABS(C10) -> 1.3659788e-08 | E10: =IF(D10<0.001,"ОК","ПРОВЕРИТЬ") -> ОК
A11: Мощность на валу, Вт | B11: ='6 Вентилятор'!$D$27 -> 1539.2273 | C11: 1539.2273 | D11: =ABS(B11-C11)/ABS(C11) -> 7.8857899e-10 | E11: =IF(D11<0.001,"ОК","ПРОВЕРИТЬ") -> ОК
A12: КПД двигателя при загрузке | B12: ='6 Вентилятор'!$D$32 -> 0.87363909 | C12: 0.87363909 | D12: =ABS(B12-C12)/ABS(C12) -> 1.0565455e-12 | E12: =IF(D12<0.001,"ОК","ПРОВЕРИТЬ") -> ОК
A13: Электрическая мощность, Вт | B13: ='6 Вентилятор'!$D$38 -> 1882.3826 | C13: 1882.3826 | D13: =ABS(B13-C13)/ABS(C13) -> 7.4036461e-10 | E13: =IF(D13<0.001,"ОК","ПРОВЕРИТЬ") -> ОК
A14: Тепло за смену, стандарт (без регулирования), кВт·ч | B14: ='7 Тепло'!$D$9 -> 665.30608 | C14: 665.1906 | D14: =ABS(B14-C14)/ABS(C14) -> 0.00017360232 | E14: =IF(D14<0.001,"ОК","ПРОВЕРИТЬ") -> ОК
A15: Тепло за смену, «открыто/закрыто» + ПЧ (для справки), кВт·ч | B15: ='7 Тепло'!$D$18 -> 526.5739 | C15: 526.5739 | D15: =ABS(B15-C15)/ABS(C15) -> 3.3578789e-12 | E15: =IF(D15<0.001,"ОК","ПРОВЕРИТЬ") -> ОК
A16: Тепло за смену, предлагаемая система, кВт·ч | B16: ='7 Тепло'!$D$19 -> 518.94348 | C16: 518.94348 | D16: =ABS(B16-C16)/ABS(C16) -> 5.9704577e-11 | E16: =IF(D16<0.001,"ОК","ПРОВЕРИТЬ") -> ОК
A17: Электроэнергия за смену, стандарт (без регулирования), кВт·ч | B17: ='7 Тепло'!$D$24 -> 16.487584 | C17: 16.484744 | D17: =ABS(B17-C17)/ABS(C17) -> 0.00017229018 | E17: =IF(D17<0.001,"ОК","ПРОВЕРИТЬ") -> ОК
A18: ПИ-шаг: ζ заслонки при 30° | B18: ='10 Регулирование'!$D$36 -> 4.5 | C18: 4.5 | D18: =ABS(B18-C18)/ABS(C18) -> 0 | E18: =IF(D18<0.001,"ОК","ПРОВЕРИТЬ") -> ОК
A19: ПИ-шаг: новое ζ | B19: ='10 Регулирование'!$D$39 -> 2.7845253 | C19: 2.7845253 | D19: =ABS(B19-C19)/ABS(C19) -> 0 | E19: =IF(D19<0.001,"ОК","ПРОВЕРИТЬ") -> ОК
A20: ПИ-шаг: новый угол заслонки, ° | B20: ='10 Регулирование'!$D$40 -> 25.52362 | C20: 25.52362 | D20: =ABS(B20-C20)/ABS(C20) -> 0 | E20: =IF(D20<0.001,"ОК","ПРОВЕРИТЬ") -> ОК
A21: Объём цеха, м³ | B21: ='11 Динамика'!$D$5 -> 16588.8 | C21: 16588.8 | D21: =ABS(B21-C21)/ABS(C21) -> 0 | E21: =IF(D21<0.001,"ОК","ПРОВЕРИТЬ") -> ОК
A22: Тепло и энергия за смену в ядре — интеграл за 8 ч (шаг 1 с); энергия стандарта в ядре на 0,02 % меньше из-за разгона вентилятора в первые 10 с.
A23: Наибольшее расхождение потерь по элементу, Па | B23: ='5 Потери'!$R$51 -> 5.4444445e-06 | C23: допуск 0.001 | E23: =IF(ABS(B23)<=0.001,"ОК","ПРОВЕРИТЬ") -> ОК
A24: Баланс: путь поста 1 − давление вентилятора, Па | B24: ='6 Вентилятор'!$D$22 -> -2.5209087e-05 | C24: допуск 0.01 | E24: =IF(ABS(B24)<=0.01,"ОК","ПРОВЕРИТЬ") -> ОК
A25: Баланс: путь поста 2 − давление вентилятора, Па | B25: ='6 Вентилятор'!$D$23 -> -2.8875703e-05 | C25: допуск 0.01 | E25: =IF(ABS(B25)<=0.01,"ОК","ПРОВЕРИТЬ") -> ОК
A26: Баланс: путь поста 3 − давление вентилятора, Па | B26: ='6 Вентилятор'!$D$24 -> -2.4052225e-05 | C26: допуск 0.01 | E26: =IF(ABS(B26)<=0.01,"ОК","ПРОВЕРИТЬ") -> ОК
A27: Проверка выделений: Σ компонентов − аэрозоль, г/кг | B27: ='2 Выделения'!$D$13 -> 0 | C27: допуск 1e-09 | E27: =IF(ABS(B27)<=0.000000001,"ОК","ПРОВЕРИТЬ") -> ОК
A28: Концентрация Mn при L по СП 60 минус ПДК, мг/м³ | B28: ='3 СП 60'!$D$13-'1 Исходные'!$D$25 -> 0 | C28: допуск 1e-09 | E28: =IF(ABS(B28)<=0.000000001,"ОК","ПРОВЕРИТЬ") -> ОК
A29: Динамика C(t): наибольшая относит. разница с ядром | B29: =MAX('11 Динамика'!$E$13:$E$28) -> 8.5379358e-05 | C29: допуск 0.001 | E29: =IF(ABS(B29)<=0.001,"ОК","ПРОВЕРИТЬ") -> ОК

Sheet 9 Результаты смены
A1: Итоги динамического расчёта смены 8 ч (ядро, шаг 1 с) — версия 1.9 от 16.10.2026: стандарт = без регулирования (заслонки на углах наладки, вентилятор с запасом 10 % на номинальных оборотах); блок Б — расчёт 11.10.2026 (стандарт в нём не участвует)
A2: Эти числа получены программой: расписание сварки, регуляторы, приводы заслонок с ограниченной скоростью, частотник, решение сети на каждом шаге, нестационарная концентрация в цехе. В Excel повторить нельзя; проверяемые части (выделения, СП 60, потери, вентилятор, тепло) — на листах 2–7.
A4: А. 3 поста MAG 225 А, столы с отсосом 1500 м³/ч, общеобменная постоянная 8 101 м³/ч (по СП 60)
A5: Режим местной вытяжки | B5: Вент. МВВ, кВт·ч | C5: Тепло, кВт·ч | D5: Ср. расход МВВ, м³/ч | E5: Расход < 95 % | F5: > 110 % | G5: Mn ср., мг/м³ | H5: Mn макс., мг/м³
A6: Стандарт: без регулирования (углы наладки, n_ном) | B6: 16.48 | C6: 665 | D6: 4498 | E6: 0,0 % | F6: 0,0 % | G6: 0.064 | H6: 0.088
A7: «Открыто/закрыто» + ПЧ (для справки) | B7: 5.39 | C7: 527 | D7: 1872 | E7: 5,6 % | F7: 38,4 % | G7: 0.084 | H7: 0.111
A8: Предлагаемая (ПИ по ln ζ + сброс давления) | B8: 4.97 | C8: 519 | D8: 1727 | E8: 6,3 % | F8: 2,6 % | G8: 0.087 | H8: 0.115
A9: Предлагаемая + ОВ по числу постов | B9: 4.97 | C9: 398 | D9: 1727 | E9: 6,3 % | F9: 2,6 % | G9: 0.107 | H9: 0.142
A11: Б. 3 поста, ток меняется 175/225/270 А; режимы общеобменной (местная — предлагаемая)
A12: Режим ОВ | B12: Ср. ОВ, м³/ч | C12: Тепло, кВт·ч | D12: Эл. МВВ+ОВ, кВт·ч | E12: Mn ср. | F12: Mn макс. | G12: Время > ПДК
A13: Постоянный (расчётный, 270 А) | B13: 10847 | C13: 660 | D13: 28.79 | E13: 0.068 | F13: 0.096 | G13: 0 %
A14: По числу работающих постов | B14: 5344 | C14: 369 | D14: 9.44 | E14: 0.106 | F14: 0.143 | G14: 0 %
A15: Упреждение по току | B15: 7538 | C15: 485 | D15: 6.17 | E15: 0.086 | F15: 0.111 | G15: 0 %
A16: Упреждение по току + датчик (цель 0,5 ПДК) | B16: 6879 | C16: 450 | D16: 6.58 | E16: 0.089 | F16: 0.115 | G16: 0 %
A17: То же, цель 0,7 ПДК | B17: 4160 | C17: 307 | D17: 6.01 | E17: 0.115 | F17: 0.154 | G17: 0 %
A18: Ошибка модели: реальный захват 70 % вместо 80 % — постоянный | B18: 10847 | C18: 660 | D18: 28.79 | E18: 0.097 | F18: 0.137 | G18: 0 %
A19: Ошибка модели — по числу постов | B19: 5344 | C19: 369 | D19: 9.44 | E19: 0.151 | F19: 0.205 | G19: > ПДК
A20: Ошибка модели — упреждение без датчика | B20: 7538 | C20: 485 | D20: 6.17 | E20: 0.122 | F20: 0.159 | G20: 0 %
A21: Ошибка модели — упреждение + датчик (сам добавил воздух) | B21: 11011 | C21: 669 | D21: 12.04 | E21: 0.092 | F21: 0.123 | G21: 0 %
A23: В. Универсальный цех, 4 вида сварки (CO₂ 225 А · УОНИ-13/45 · под флюсом АН-348-А · контактная); стационарные отсосы 1500+1500+1500+1000 = 5 500 м³/ч, ОВ по СП 60 — 962 м³/ч
A24: МВВ / ОВ | B24: Вент. МВВ, кВт·ч | C24: Тепло, кВт·ч | D24: Ср. ОВ, м³/ч | E24: max Σ C/ПДК
A25: Стандарт: без регулирования / пост. | B25: 24.21 | C25: 341 | D25: 962 | E25: 0.381
A26: «Открыто/закрыто» + ПЧ (для справки) / пост. | B26: 7.96 | C26: 175 | D26: 962 | E26: 0.654
A27: Предлагаемая / пост. | B27: 6.89 | C27: 163 | D27: 962 | E27: 0.704
A28: Предлагаемая / по числу постов | B28: 6.89 | C28: 137 | D28: 486 | E28: 0.769
A29: Предлагаемая / по выделениям + датчики, цель 0,5 | B29: 6.89 | C29: 283 | D29: 3240 | E29: 0.471
A30: то же, цель 0,8 (та же безопасность, что у пост.) | B30: 6.89 | C30: 160 | D30: 919 | E30: 0.691
A31: то же, цель 0,9 | B31: 6.89 | C31: 140 | D31: 526 | E31: 0.747
A33: ВЫВОДЫ (v1.9, 16.10.2026):
A34: 1, Против стандарта (без регулирования) предлагаемая система снижает электроэнергию вентилятора местной вытяжки на 70 % (16,48 → 4,97 кВт·ч) и тепло на 22 % (665 → 519 кВт·ч): простаивающие посты закрыты, обороты снижены, Для справки, против «открыто/закрыто» + ПЧ — ещё −8 % электроэнергии и точность: перерасход 2,6 % времени против 38,4 %,
A35: 2. Общеобменная по потребности — компромисс «тепло ↔ запас по ПДК». При той же безопасности, что у постоянной (max Σ C/ПДК ≈ 0,70), экономия тепла всего −2 % (163 → 160 кВт·ч, таблица В); при допуске до 0,9 ПДК — −14 % (140 кВт·ч).
A36: 3. Простое регулирование «по числу работающих постов» по теплу выгодно (таблица Б: 369 кВт·ч против 660), но не защищено от ошибки модели: при захвате 70 % вместо 80 % Mn макс. 0,205 > ПДК 0,2.
A37: 4. Датчик нужен для безопасности, а не для экономии: при ошибке модели система с датчиком сама добавила воздух (Mn макс. 0,123), без датчика — 0,159.
A38: 5. Связь местной и общеобменной: при снижении расходов отсосов уменьшается разбавление воздуха цеха, общеобменная должна это компенсировать — аргумент за СОГЛАСОВАННОЕ управление (новизна).
A39: 6. Зона дыхания сварщика: при η = 0,8 средняя концентрация Mn у лица ≈ 0,42 мг/м³ — в 5 раз выше фона цеха и выше ПДК во всех режимах; её определяет конструкция отсоса (захват), а не воздухообмен.
A40: 7. Объём цеха (48×24×14,4 = 16 589 м³) в потребный расход не входит (СП 60, Г.2; 7.4.1 запрещает расчёт по кратности для рабочей зоны). Он задаёт инерцию τ = V/L ≈ 79 мин при 12 601 м³/ч — как быстро меняется концентрация и сколько времени у регуляторов.

Sheet 10 Регулирование
A1: Регулирование: пусконаладка, ПИ-регулятор заслонки, частотник, скорость привода
A2: Регуляторы работают во времени (это делает ядро, лист 9). Здесь — их правила с подстановкой чисел: можно поменять синие ячейки и посмотреть, что сделает регулятор за один шаг. Те же формулы и константы, что в программе (sim.ts, physics.ts).
A4: № | B4: Величина | C4: Обозн. | D4: Значение | E4: Ед. | F4: Формула (как в книге) | G4: Простыми словами — что это и зачем | H4: Источник / статус
A5: А. Пусконаладка: каждый пост получает 1500 м³/ч, частота — минимальная (заслонка самого «трудного» поста открыта)
A6: 1 | B6: Пост 1: угол заслонки после наладки | C6: α | D6: ='5 Потери'!$J$9 -> 0.121757 | E6: ° | G6: Угол подобран ядром (балансировка). Пост 1 — самый дальний, его заслонка открыта. | H6: ядро, лист 5
A7: 2 | B7: Пост 1: ζ заслонки | C7: ζ | D7: ='5 Потери'!$P$9 -> 0.20234039 | E7: — | F7: ζ(α) по табл. Идельчика (лист 4) | H7: Идельчик, 1992, диагр. 9-17
A8: 3 | B8: Пост 1: потеря давления на заслонке | C8: Δp_з | D8: ='5 Потери'!$R$9 -> 21.335468 | E8: Па | F8: Δp = ζ·p_д | H8: лист 5
A9: 4 | B9: Пост 1: «лишнее» давление, которое гасит заслонка | C9: ΔΔp | D9: ='5 Потери'!$R$9-INDEX('4 Таблицы'!$B$5:$B$13,1)*'5 Потери'!$Q$9 -> 0.24677898 | E9: Па | F9: Δp_з − ζ(0°)·p_д | G9: Сколько Па сверх открытой заслонки срезает пост. Чем ближе пост к вентилятору, тем больше.
A10: 5 | B10: Пост 2: угол заслонки после наладки | C10: α | D10: ='5 Потери'!$J$19 -> 5.21025 | E10: ° | G10: Угол подобран ядром (балансировка). Пост 1 — самый дальний, его заслонка открыта. | H10: ядро, лист 5
A11: 6 | B11: Пост 2: ζ заслонки | C11: ζ | D11: ='5 Потери'!$P$19 -> 0.32903454 | E11: — | F11: ζ(α) по табл. Идельчика (лист 4) | H11: Идельчик, 1992, диагр. 9-17
A12: 7 | B12: Пост 2: потеря давления на заслонке | C12: Δp_з | D12: ='5 Потери'!$R$19 -> 34.702158 | E12: Па | F12: Δp = ζ·p_д | H12: лист 5
A13: 8 | B13: Пост 2: «лишнее» давление, которое гасит заслонка | C13: ΔΔp | D13: ='5 Потери'!$R$19-INDEX('4 Таблицы'!$B$5:$B$13,1)*'5 Потери'!$Q$19 -> 13.608835 | E13: Па | F13: Δp_з − ζ(0°)·p_д | G13: Сколько Па сверх открытой заслонки срезает пост. Чем ближе пост к вентилятору, тем больше.
A14: 9 | B14: Пост 3: угол заслонки после наладки | C14: α | D14: ='5 Потери'!$J$28 -> 7.990537 | E14: ° | G14: Угол подобран ядром (балансировка). Пост 1 — самый дальний, его заслонка открыта. | H14: ядро, лист 5
A15: 10 | B15: Пост 3: ζ заслонки | C15: ζ | D15: ='5 Потери'!$P$28 -> 0.42915679 | E15: — | F15: ζ(α) по табл. Идельчика (лист 4) | H15: Идельчик, 1992, диагр. 9-17
A16: 11 | B16: Пост 3: потеря давления на заслонке | C16: Δp_з | D16: ='5 Потери'!$R$28 -> 45.267243 | E16: Па | F16: Δp = ζ·p_д | H16: лист 5
A17: 12 | B17: Пост 3: «лишнее» давление, которое гасит заслонка | C17: ΔΔp | D17: ='5 Потери'!$R$28-INDEX('4 Таблицы'!$B$5:$B$13,1)*'5 Потери'!$Q$28 -> 24.171343 | E17: Па | F17: Δp_з − ζ(0°)·p_д | G17: Сколько Па сверх открытой заслонки срезает пост. Чем ближе пост к вентилятору, тем больше.
B18: Сумма потерь по пути каждого поста одинакова (800,7 Па, лист 5) — у ближних постов труба короче, разницу «съедает» заслонка.
A19: А2. Пусконаладка стандарта (без регулирования): вентилятор с запасом 10 % на номинальных оборотах, заслонки зажаты так, чтобы каждый пост получил 1500 м³/ч
A20: 13 | B20: Требуемое давление сети при 3 × 1500 м³/ч | C20: p_треб | D20: 800.70062 | E20: Па | G20: Критическая заслонка открыта (режим листа 5). | H20: ядро
A21: 14 | B21: Запас по давлению при подборе вентилятора | C21: k_зап | D21: 1.1 | E21: — | G21: Принятая практика проектирования [Д]; численного запаса в СП 60.13330.2020 нет — источник уточняется. | H21: [Д]
A22: 15 | B22: Номинальная частота | C22: n_ном | D22: ='7 Тепло'!$D$21 -> 1462.1027 | E22: об/мин | F22: p(Q_треб, n_ном) = k_зап·p_треб | H22: лист 7
A23: 16 | B23: Пост 1: угол заслонки стандарта | C23: α | D23: 15.66483 | E23: ° | G23: Не меняется всю смену. Заслонка гасит лишние 10 % давления. | H23: ядро (балансировка при n_ном)
A24: 17 | B24: Пост 1: расход | C24: Q | D24: 1499.3322 | E24: м³/ч | H24: ядро
A25: 18 | B25: Пост 2: угол заслонки стандарта | C25: α | D25: 16.805753 | E25: ° | G25: Не меняется всю смену. Заслонка гасит лишние 10 % давления. | H25: ядро (балансировка при n_ном)
A26: 19 | B26: Пост 2: расход | C26: Q | D26: 1499.4139 | E26: м³/ч | H26: ядро
A27: 20 | B27: Пост 3: угол заслонки стандарта | C27: α | D27: 17.616855 | E27: ° | G27: Не меняется всю смену. Заслонка гасит лишние 10 % давления. | H27: ядро (балансировка при n_ном)
A28: 21 | B28: Пост 3: расход | C28: Q | D28: 1499.4691 | E28: м³/ч | H28: ядро
B29: Стандарт тянет 1500 м³/ч на каждый пост и в паузах между швами: заслонки не закрываются, обороты не снижаются. Предлагаемая система закрывает простаивающие посты и снижает обороты.
A30: Б. Один шаг ПИ-регулятора заслонки (интегральный закон в пространстве ln ζ)
A31: 22 | B31: Уставка расхода поста | C31: Q_уст | D31: ='1 Исходные'!$D$17 -> 1500 | E31: м³/ч | G31: Норма для сварочного стола. | H31: ГОСТ 12.3.003-86, п. 2.11.1
A32: 23 | B32: Измеренный расход (пример) | C32: Q | D32: 1320 | E32: м³/ч | G32: Что показал датчик расхода (перепад давления на входе отсоса). | H32: пример [Д]
A33: 24 | B33: Текущий угол заслонки (пример) | C33: α_стар | D33: 30 | E33: ° | H33: пример [Д]
A34: 25 | B34: Коэффициент регулятора | C34: k_I | D34: 4 | E34: 1/с | G34: Насколько резко регулятор исправляет ошибку. Подобран по чувствительности (блок 3, лист 9). | H34: автор [А] (sim.ts)
A35: 26 | B35: Шаг регулятора | C35: Δt | D35: 1 | E35: с | H35: sim.ts
A36: 27 | B36: ζ при текущем угле | C36: ζ_стар | D36: =IF('10 Регулирование'!$D$33>=90,10000,EXP(LN(INDEX('4 Таблицы'!$B$5:$B$13,MATCH('10 Регулирование'!$D$33,'4 Таблицы'!$A$5:$A$13,1)))+('10 Регулирование'!$D$33-INDEX('4 Таблицы'!$A$5:$A$13,MATCH('10 Регулирование'!$D$33,'4 Таблицы'!$A$5:$A$13,1)))/(INDEX('4 Таблицы'!$A$5:$A$13,MATCH('10 Регулирование'!$D$33,'4 Таблицы'!$A$5:$A$13,1)+1)-INDEX('4 Таблицы'!$A$5:$A$13,MATCH('10 Регулирование'!$D$33,'4 Таблицы'!$A$5:$A$13,1)))*(LN(INDEX('4 Таблицы'!$B$5:$B$13,MATCH('10 Регулирование'!$D$33,'4 Таблицы'!$A$5:$A$13,1)+1))-LN(INDEX('4 Таблицы'!$B$5:$B$13,MATCH('10 Регулирование'!$D$33,'4 Таблицы'!$A$5:$A$13,1)))))) -> 4.5 | E36: — | F36: ζ(α) — интерполяция ln ζ (лист 4) | H36: Идельчик, диагр. 9-17
A37: 28 | B37: Относительная ошибка | C37: e | D37: =('10 Регулирование'!$D$32-'10 Регулирование'!$D$31)/'10 Регулирование'!$D$31 -> -0.12 | E37: — | F37: e = (Q − Q_уст)/Q_уст | G37: Минус — воздуха мало, плюс — много. | H37: sim.ts
A38: 29 | B38: Поправка ln ζ за шаг | C38: Δln ζ | D38: ='10 Регулирование'!$D$34*'10 Регулирование'!$D$37*'10 Регулирование'!$D$35 -> -0.48 | E38: — | F38: Δln ζ = k_I·e·Δt | G38: В логарифме — потому что ζ заслонки меняется от 0,2 до 625: шаг «на 10 % сопротивления» одинаков при любом угле. | H38: автор [М]
A39: 30 | B39: Новое ζ (с ограничением 0,2…625) | C39: ζ_нов | D39: =EXP(MIN(INDEX('4 Таблицы'!$C$5:$C$13,8),MAX(INDEX('4 Таблицы'!$C$5:$C$13,1),LN('10 Регулирование'!$D$36)+'10 Регулирование'!$D$38))) -> 2.7845253 | E39: — | F39: ζ_нов = ζ_стар·e^(Δln ζ), в пределах ζ(0°)…ζ(70°) | H39: sim.ts
A40: 31 | B40: Новый угол (обратная функция таблицы) | C40: α_нов | D40: =IF(LN('10 Регулирование'!$D$39)>=INDEX('4 Таблицы'!$C$5:$C$13,8),70,INDEX('4 Таблицы'!$A$5:$A$13,MATCH(LN('10 Регулирование'!$D$39),'4 Таблицы'!$C$5:$C$13,1))+(LN('10 Регулирование'!$D$39)-INDEX('4 Таблицы'!$C$5:$C$13,MATCH(LN('10 Регулирование'!$D$39),'4 Таблицы'!$C$5:$C$13,1)))/(INDEX('4 Таблицы'!$C$5:$C$13,MATCH(LN('10 Регулирование'!$D$39),'4 Таблицы'!$C$5:$C$13,1)+1)-INDEX('4 Таблицы'!$C$5:$C$13,MATCH(LN('10 Регулирование'!$D$39),'4 Таблицы'!$C$5:$C$13,1)))*(INDEX('4 Таблицы'!$A$5:$A$13,MATCH(LN('10 Регулирование'!$D$39),'4 Таблицы'!$C$5:$C$13,1)+1)-INDEX('4 Таблицы'!$A$5:$A$13,MATCH(LN('10 Регулирование'!$D$39),'4 Таблицы'!$C$5:$C$13,1)))) -> 25.52362 | E40: ° | F40: α = α_i + (ln ζ − ln ζ_i)/(ln ζ_i+1 − ln ζ_i)·(α_i+1 − α_i) | G40: Регулятор думает в сопротивлении, а привод получает угол. | H40: physics.ts, damperAngleForZeta
A41: 32 | B41: Время полного хода привода | C41: T_ход | D41: 8 | E41: с | G41: В модели 8 с (ряд ГОСТ 7192-89). МЭО-6,3/10 — 10 с. | H41: ГОСТ 7192-89 [Н]
A42: 33 | B42: Скорость поворота | C42: ω | D42: =90/'10 Регулирование'!$D$41 -> 11.25 | E42: °/с | F42: ω = 90/T_ход
A43: 34 | B43: Поворот за этот шаг | C43: Δα | D43: =SIGN('10 Регулирование'!$D$40-'10 Регулирование'!$D$33)*MIN(ABS('10 Регулирование'!$D$40-'10 Регулирование'!$D$33),'10 Регулирование'!$D$42*'10 Регулирование'!$D$35) -> -4.4763802 | E43: ° | F43: Δα = min(|α_нов − α_стар|; ω·Δt) | G43: Привод не может повернуться быстрее своей скорости. | H43: sim.ts
A44: В. Правило частотника (тоже каждую секунду)
A45: 35 | B45: Угол заслонки поста 1 (пример) | C45: α₁ | D45: 8 | E45: ° | H45: пример [Д]
A46: 36 | B46: Угол заслонки поста 2 (пример) | C46: α₂ | D46: 12 | E46: ° | H46: пример [Д]
A47: 37 | B47: Угол заслонки поста 3 (пример) | C47: α₃ | D47: 15 | E47: ° | H47: пример [Д]
A48: 38 | B48: Наибольший недобор расхода (доля) | C48: δ | D48: 0 | E48: — | F48: δ = max((Q_уст − Q)/Q_уст) | H48: пример [Д]
A49: 39 | B49: Самая открытая заслонка | C49: α_мин | D49: =MIN('10 Регулирование'!$D$45,'10 Регулирование'!$D$46,'10 Регулирование'!$D$47) -> 8 | E49: °
A50: 40 | B50: Изменение частоты за шаг | C50: Δn | D50: =IF(AND('10 Регулирование'!$D$49<2,'10 Регулирование'!$D$48>0.002),400*'10 Регулирование'!$D$48*'10 Регулирование'!$D$35,IF('10 Регулирование'!$D$49>5,-1*('10 Регулирование'!$D$49-5)*'10 Регулирование'!$D$35,0)) -> -3 | E50: об/мин | F50: α_мин > 5° → Δn = −1·(α_мин − 5)·Δt; α_мин < 2° и δ > 0,002 → Δn = 400·δ·Δt | G50: Все заслонки прикрыты — запас давления гасится зря, частоту снижаем. Открытой не хватает — повышаем. | H50: автор [А] (sim.ts); прототип — сброс давления VAV (ASHRAE, 2010)
A51: Г. Скорость привода — результат расчёта смены (ядро)
A52: 41 | B52: Ход 2.5 с: недобор расхода < 95 %, доля времени | D52: 0.018 | E52: — | G52: быстрый зарубежный (Belimo LMQ, в РФ не поставляется) | H52: ядро, sens-run
A53: 42 | B53: Ход 2.5 с: Mn в цехе, среднее за смену | D53: 0.082 | E53: мг/м³ | G53: ПДК 0,2 мг/м³ | H53: ядро
A54: 43 | B54: Ход 10 с: недобор расхода < 95 %, доля времени | D54: 0.075 | E54: — | G54: МЭО-6,3/10 (ЗЭиМ, Чебоксары) | H54: ядро, sens-run
A55: 44 | B55: Ход 10 с: Mn в цехе, среднее за смену | D55: 0.089 | E55: мг/м³ | G55: ПДК 0,2 мг/м³ | H55: ядро
A56: 45 | B56: Ход 25 с: недобор расхода < 95 %, доля времени | D56: 0.191 | E56: — | H56: ядро, sens-run
A57: 46 | B57: Ход 25 с: Mn в цехе, среднее за смену | D57: 0.11 | E57: мг/м³ | G57: ПДК 0,2 мг/м³ | H57: ядро
A58: 47 | B58: Ход 150 с: недобор расхода < 95 %, доля времени | D58: 0.79 | E58: — | G58: Belimo LM24A-SR; ADA-24-PRO | H58: ядро, sens-run
A59: 48 | B59: Ход 150 с: Mn в цехе, среднее за смену | D59: 0.266 | E59: мг/м³ | G59: ПДК 0,2 мг/м³ — ПРЕВЫШЕНИЕ | H59: ядро

Sheet 11 Динамика
A1: Концентрация в цехе во времени после включения 3 постов
A2: Уравнение баланса V·dC/dt = m − L·(C − q_пр). Решение: C(t) = q_пр + (m/L)·(1 − e^(−t/τ)), τ = V/L. Ядро решает то же уравнение численно с шагом 1 с — сверка в колонке «Ядро».
A4: № | B4: Величина | C4: Обозн. | D4: Значение | E4: Ед. | F4: Формула (как в книге) | G4: Простыми словами — что это и зачем | H4: Источник / статус
A5: 1 | B5: Объём цеха | C5: V | D5: ='1 Исходные'!$D$35 -> 16588.8 | E5: м³ | F5: 48 × 24 × 14,4 | G5: Размеры цеха в потребный расход не входят (СП 60, Г.2; 7.4.1), но задают инерцию. | H5: лист 1
A6: 2 | B6: Весь удаляемый воздух | C6: L | D6: ='3 СП 60'!$D$10 -> 12601.449 | E6: м³/ч | H6: лист 3
A7: 3 | B7: Марганец в воздух цеха | C7: m | D7: ='2 Выделения'!$D$17 -> 2507.6883 | E7: мг/ч | H7: лист 2
A8: 4 | B8: Марганец в приточном воздухе | C8: q_пр | D8: ='1 Исходные'!$D$26 -> 0.001 | E8: мг/м³ | H8: лист 1
A9: 5 | B9: Постоянная времени цеха | C9: τ | D9: ='11 Динамика'!$D$5/'11 Динамика'!$D$6 -> 1.3164201 | E9: ч | F9: τ = V/L | G9: За τ концентрация проходит 63 % пути до предела, за 3τ — 95 %. | H9: [М] полное перемешивание
A10: 6 | B10: То же в минутах | C10: τ | D10: ='11 Динамика'!$D$9*60 -> 78.985205 | E10: мин
A11: 7 | B11: Предельная концентрация | C11: C∞ | D11: ='11 Динамика'!$D$8+'11 Динамика'!$D$7/'11 Динамика'!$D$6 -> 0.2 | E11: мг/м³ | F11: C∞ = q_пр + m/L | G11: Равна ПДК — так и подобран L на листе 3.
B12: t, ч | C12: C(t), мг/м³ (Excel) | D12: C(t), мг/м³ (ядро) | E12: Разница, % | F12: Доля ПДК
B13: 0.5 | C13: ='11 Динамика'!$D$8+'11 Динамика'!$D$7/'11 Динамика'!$D$6*(1-EXP(-B13/'11 Динамика'!$D$9)) -> 0.063886805 | D13: 0.06389226 | E13: =ABS(C13-D13)/D13 -> 8.5379358e-05 | F13: =C13/'1 Исходные'!$D$25 -> 0.31943403
B14: 1 | C14: ='11 Динамика'!$D$8+'11 Динамика'!$D$7/'11 Динамика'!$D$6*(1-EXP(-B14/'11 Динамика'!$D$9)) -> 0.10690049 | D14: 0.10690796 | E14: =ABS(C14-D14)/D14 -> 6.9800665e-05 | F14: =C14/'1 Исходные'!$D$25 -> 0.53450247
B15: 1.5 | C15: ='11 Динамика'!$D$8+'11 Динамика'!$D$7/'11 Динамика'!$D$6*(1-EXP(-B15/'11 Динамика'!$D$9)) -> 0.13632125 | D15: 0.13632891 | E15: =ABS(C15-D15)/D15 -> 5.6157963e-05 | F15: =C15/'1 Исходные'!$D$25 -> 0.68160625
B16: 2 | C16: ='11 Динамика'!$D$8+'11 Динамика'!$D$7/'11 Динамика'!$D$6*(1-EXP(-B16/'11 Динамика'!$D$9)) -> 0.15644463 | D16: 0.15645161 | E16: =ABS(C16-D16)/D16 -> 4.462687e-05 | F16: =C16/'1 Исходные'!$D$25 -> 0.78222316
B17: 2.5 | C17: ='11 Динамика'!$D$8+'11 Динамика'!$D$7/'11 Динамика'!$D$6*(1-EXP(-B17/'11 Динамика'!$D$9)) -> 0.17020874 | D17: 0.17021471 | E17: =ABS(C17-D17)/D17 -> 3.506936e-05 | F17: =C17/'1 Исходные'!$D$25 -> 0.85104371
B18: 3 | C18: ='11 Динамика'!$D$8+'11 Динамика'!$D$7/'11 Динамика'!$D$6*(1-EXP(-B18/'11 Динамика'!$D$9)) -> 0.1796232 | D18: 0.1796281 | E18: =ABS(C18-D18)/D18 -> 2.7275352e-05 | F18: =C18/'1 Исходные'!$D$25 -> 0.898116
B19: 3.5 | C19: ='11 Динамика'!$D$8+'11 Динамика'!$D$7/'11 Динамика'!$D$6*(1-EXP(-B19/'11 Динамика'!$D$9)) -> 0.18606256 | D19: 0.18606647 | E19: =ABS(C19-D19)/D19 -> 2.1011728e-05 | F19: =C19/'1 Исходные'!$D$25 -> 0.93031278
B20: 4 | C20: ='11 Динамика'!$D$8+'11 Динамика'!$D$7/'11 Динамика'!$D$6*(1-EXP(-B20/'11 Динамика'!$D$9)) -> 0.19046698 | D20: 0.19047004 | E20: =ABS(C20-D20)/D20 -> 1.6044774e-05 | F20: =C20/'1 Исходные'!$D$25 -> 0.95233492
B21: 4.5 | C21: ='11 Динамика'!$D$8+'11 Динамика'!$D$7/'11 Динамика'!$D$6*(1-EXP(-B21/'11 Динамика'!$D$9)) -> 0.19347955 | D21: 0.1934819 | E21: =ABS(C21-D21)/D21 -> 1.2153767e-05 | F21: =C21/'1 Исходные'!$D$25 -> 0.96739776
B22: 5 | C22: ='11 Динамика'!$D$8+'11 Динамика'!$D$7/'11 Динамика'!$D$6*(1-EXP(-B22/'11 Динамика'!$D$9)) -> 0.19554011 | D22: 0.19554189 | E22: =ABS(C22-D22)/D22 -> 9.1391829e-06 | F22: =C22/'1 Исходные'!$D$25 -> 0.97770053
B23: 5.5 | C23: ='11 Динамика'!$D$8+'11 Динамика'!$D$7/'11 Динамика'!$D$6*(1-EXP(-B23/'11 Динамика'!$D$9)) -> 0.19694949 | D23: 0.19695084 | E23: =ABS(C23-D23)/D23 -> 6.8268519e-06 | F23: =C23/'1 Исходные'!$D$25 -> 0.98474747
B24: 6 | C24: ='11 Динамика'!$D$8+'11 Динамика'!$D$7/'11 Динамика'!$D$6*(1-EXP(-B24/'11 Динамика'!$D$9)) -> 0.1979135 | D24: 0.1979145 | E24: =ABS(C24-D24)/D24 -> 5.0690633e-06 | F24: =C24/'1 Исходные'!$D$25 -> 0.98956749
... B28: 8 | C28: ='11 Динамика'!$D$8+'11 Динамика'!$D$7/'11 Динамика'!$D$6*(1-EXP(-B28/'11 Динамика'!$D$9)) -> 0.19954332 | D28: 0.19954362 | E28: =ABS(C28-D28)/D28 -> 1.467101e-06 | F28: =C28/'1 Исходные'!$D$25 -> 0.99771662
B29: Вывод: через 1 ч концентрация ≈ 0,107 мг/м³ (половина ПДК), к 4 ч — 95 % предела. Цех инерционный: на коротких паузах общеобменную можно снижать без риска. Разница с ядром — от численного шага 1 с (< 0,1 %).
